task_id,task_name,train_k,inference_k,matched_loss,observed_loss,delta_loss,seed_values,num_seeds
0,general_ko,1,1,0.4633629392418596,0.4633629392418596,0.0,0.000000;0.000000;0.000000,3
0,general_ko,1,2,0.4633629392418596,0.44635471480864064,-0.017008224433218977,-0.024064;-0.040416;0.013455,3
0,general_ko,1,3,0.4633629392418596,0.4847326158649392,0.021369676623079537,0.040097;-0.006159;0.030170,3
0,general_ko,1,4,0.4633629392418596,0.5252893070379893,0.061926367796129624,0.101665;0.033615;0.050500,3
0,general_ko,1,5,0.4633629392418596,0.580331873562601,0.11696893432074125,0.168727;0.072624;0.109556,3
0,general_ko,1,6,0.4633629392418596,0.6380200118378357,0.17465707259597607,0.245811;0.128666;0.149494,3
0,general_ko,1,7,0.4633629392418596,0.6797262750290058,0.21636333578714617,0.290836;0.170509;0.187745,3
0,general_ko,1,8,0.4633629392418596,0.723356693983078,0.2599937547412184,0.335102;0.214898;0.229981,3
0,general_ko,2,1,0.39592136456458654,0.6214139977539027,0.22549263318931614,0.232694;0.276374;0.167409,3
0,general_ko,2,2,0.39592136456458654,0.39592136456458654,0.0,0.000000;0.000000;0.000000,3
0,general_ko,2,3,0.39592136456458654,0.38770065387641944,-0.008220710688167118,-0.008778;-0.014400;-0.001484,3
0,general_ko,2,4,0.39592136456458654,0.40693354551438926,0.011012180949802755,0.006216;0.022937;0.003883,3
0,general_ko,2,5,0.39592136456458654,0.4326531686992557,0.036731804134669144,0.041793;0.026555;0.041847,3
0,general_ko,2,6,0.39592136456458654,0.4788525601228078,0.08293119555822126,0.089387;0.072378;0.087028,3
0,general_ko,2,7,0.39592136456458654,0.5223792413318599,0.1264578767672733,0.140496;0.102635;0.136243,3
0,general_ko,2,8,0.39592136456458654,0.5705092707993807,0.17458790623479417,0.201443;0.138269;0.184051,3
0,general_ko,3,1,0.4142069148796576,0.9770677227664876,0.5628608078868301,0.592772;0.583940;0.511870,3
0,general_ko,3,2,0.4142069148796576,0.4463346043118725,0.032127689432214834,0.033206;0.036128;0.027049,3
0,general_ko,3,3,0.4142069148796576,0.4142069148796576,0.0,0.000000;0.000000;0.000000,3
0,general_ko,3,4,0.4142069148796576,0.39108990684703543,-0.02311700803262214,-0.035819;-0.029031;-0.004501,3
0,general_ko,3,5,0.4142069148796576,0.38752053374493567,-0.026686381134721954,-0.038153;-0.042669;0.000763,3
0,general_ko,3,6,0.4142069148796576,0.39948688102541147,-0.01472003385424612,-0.019417;-0.039754;0.015011,3
0,general_ko,3,7,0.4142069148796576,0.4248039654835507,0.01059705060389308,0.004935;-0.015733;0.042589,3
0,general_ko,3,8,0.4142069148796576,0.44847568635035445,0.034268771470696846,0.025700;0.003126;0.073980,3
0,general_ko,4,1,0.41677124549945194,1.2454282740751903,0.8286570285757383,0.765259;0.911375;0.809337,3
0,general_ko,4,2,0.41677124549945194,0.5376827598169999,0.12091151431754786,0.077932;0.192838;0.091965,3
0,general_ko,4,3,0.41677124549945194,0.43228423098723096,0.015512985487778982,0.022532;0.027530;-0.003524,3
0,general_ko,4,4,0.41677124549945194,0.41677124549945194,0.0,0.000000;0.000000;0.000000,3
0,general_ko,4,5,0.41677124549945194,0.41189141737090224,-0.004879828128549775,-0.010389;-0.011279;0.007029,3
0,general_ko,4,6,0.41677124549945194,0.41169772283346556,-0.005073522665986319,-0.009683;-0.015594;0.010056,3
0,general_ko,4,7,0.41677124549945194,0.4191514794473295,0.0023802339478775267,0.002770;-0.018292;0.022663,3
0,general_ko,4,8,0.41677124549945194,0.43157736074041436,0.014806115240962406,0.011716;-0.008984;0.041686,3
0,general_ko,5,1,0.4011983852143641,1.4383352592035576,1.0371368739891935,0.808949;1.102676;1.199786,3
0,general_ko,5,2,0.4011983852143641,0.5565268550482062,0.15532846983384205,0.115581;0.195104;0.155301,3
0,general_ko,5,3,0.4011983852143641,0.44681543746480235,0.04561705225043825,0.037202;0.042843;0.056806,3
0,general_ko,5,4,0.4011983852143641,0.41008346583004346,0.008885080615679405,0.022501;0.007411;-0.003256,3
0,general_ko,5,5,0.4011983852143641,0.4011983852143641,0.0,0.000000;0.000000;0.000000,3
0,general_ko,5,6,0.4011983852143641,0.3964431011290461,-0.004755284085317908,0.003528;-0.017067;-0.000727,3
0,general_ko,5,7,0.4011983852143641,0.40127674586795,7.836065358585165e-05,0.010903;-0.020816;0.010148,3
0,general_ko,5,8,0.4011983852143641,0.40584494904787455,0.00464656383351042,0.014527;-0.021986;0.021399,3
0,general_ko,6,1,0.41302865357310686,1.65934219956398,1.2463135459908732,1.295856;1.255217;1.187867,3
0,general_ko,6,2,0.41302865357310686,0.6998944907552667,0.28686583718215974,0.356403;0.330641;0.173553,3
0,general_ko,6,3,0.41302865357310686,0.5054382912262723,0.09240963765316539,0.104298;0.118784;0.054147,3
0,general_ko,6,4,0.41302865357310686,0.4421434094784436,0.02911475590533678,0.018172;0.041101;0.028071,3
0,general_ko,6,5,0.41302865357310686,0.42402728522817296,0.010998631655066093,0.007870;0.016062;0.009064,3
0,general_ko,6,6,0.41302865357310686,0.41302865357310686,0.0,0.000000;0.000000;0.000000,3
0,general_ko,6,7,0.41302865357310686,0.4094411565197838,-0.003587497053322989,0.000139;-0.005184;-0.005717,3
0,general_ko,6,8,0.41302865357310686,0.4100535140821227,-0.002975139490984139,0.008465;-0.012716;-0.004674,3
0,general_ko,7,1,0.3958123758159302,1.696276092418918,1.3004637166029875,1.225901;1.324272;1.351218,3
0,general_ko,7,2,0.3958123758159302,0.679896577226895,0.28408420141096463,0.272308;0.263522;0.316422,3
0,general_ko,7,3,0.3958123758159302,0.49614670238009206,0.10033432656416186,0.111299;0.106823;0.082881,3
0,general_ko,7,4,0.3958123758159302,0.43434531034694773,0.03853293453101756,0.034154;0.050449;0.030996,3
0,general_ko,7,5,0.3958123758159302,0.41325346780595956,0.017441091990029356,0.016522;0.020819;0.014982,3
0,general_ko,7,6,0.3958123758159302,0.3994071680914472,0.0035947922755170483,-0.000413;0.004235;0.006963,3
0,general_ko,7,7,0.3958123758159302,0.3958123758159302,0.0,0.000000;0.000000;0.000000,3
0,general_ko,7,8,0.3958123758159302,0.392366118039246,-0.003446257776684225,-0.000678;-0.007151;-0.002510,3
0,general_ko,8,1,0.3932833577747698,1.91027090118991,1.51698754341514,1.527647;1.524794;1.498522,3
0,general_ko,8,2,0.3932833577747698,0.7044756128280252,0.31119225505325526,0.302342;0.310126;0.321108,3
0,general_ko,8,3,0.3932833577747698,0.5197674339568173,0.12648407618204752,0.160917;0.116393;0.102142,3
0,general_ko,8,4,0.3932833577747698,0.44118156629028144,0.04789820851551161,0.039867;0.064342;0.039486,3
0,general_ko,8,5,0.3932833577747698,0.4153177609874142,0.022034403212644438,0.016955;0.038431;0.010717,3
0,general_ko,8,6,0.3932833577747698,0.4061643744784373,0.012881016703667444,0.009479;0.021084;0.008081,3
0,general_ko,8,7,0.3932833577747698,0.3957952214060006,0.0025118636312308116,0.003663;0.002714;0.001158,3
0,general_ko,8,8,0.3932833577747698,0.3932833577747698,0.0,0.000000;0.000000;0.000000,3
1,general_en,1,1,0.4145763800651939,0.4145763800651939,0.0,0.000000;0.000000;0.000000,3
1,general_en,1,2,0.4145763800651939,0.42786079051869885,0.013284410453505,0.032885;0.022783;-0.015814,3
1,general_en,1,3,0.4145763800651939,0.4600230354677748,0.045446655402580916,0.046737;0.088273;0.001329,3
1,general_en,1,4,0.4145763800651939,0.5144006659587225,0.09982428589352856,0.120530;0.125229;0.053714,3
1,general_en,1,5,0.4145763800651939,0.547113377738882,0.13253699767368812,0.139045;0.157624;0.100942,3
1,general_en,1,6,0.4145763800651939,0.5937879303539241,0.17921155028873023,0.163069;0.205993;0.168573,3
1,general_en,1,7,0.4145763800651939,0.6414266140372665,0.2268502339720726,0.204771;0.236404;0.239375,3
1,general_en,1,8,0.4145763800651939,0.6868231691144131,0.27224678904921923,0.241802;0.279071;0.295867,3
1,general_en,2,1,0.4292490893491992,0.6982749397004092,0.26902585035121,0.277917;0.331239;0.197922,3
1,general_en,2,2,0.4292490893491992,0.4292490893491992,0.0,0.000000;0.000000;0.000000,3
1,general_en,2,3,0.4292490893491992,0.4151748973462317,-0.014074192002967537,-0.020689;-0.029088;0.007554,3
1,general_en,2,4,0.4292490893491992,0.43314318317506045,0.0038940938258612556,-0.022648;-0.008317;0.042647,3
1,general_en,2,5,0.4292490893491992,0.4677277287399327,0.03847863939073354,0.004709;0.020745;0.089982,3
1,general_en,2,6,0.4292490893491992,0.5176466220506916,0.08839753270149232,0.047245;0.067454;0.150494,3
1,general_en,2,7,0.4292490893491992,0.5610308157349074,0.1317817263857082,0.090895;0.112463;0.191987,3
1,general_en,2,8,0.4292490893491992,0.6124173333799398,0.18316824403074053,0.143348;0.157779;0.248378,3
1,general_en,3,1,0.4094150087071789,0.933454653179204,0.5240396444720251,0.553436;0.617938;0.400745,3
1,general_en,3,2,0.4094150087071789,0.46247518918028585,0.0530601804731069,0.045221;0.063952;0.050008,3
1,general_en,3,3,0.4094150087071789,0.4094150087071789,0.0,0.000000;0.000000;0.000000,3
1,general_en,3,4,0.4094150087071789,0.3937770971269519,-0.01563791158022702,-0.014223;-0.016269;-0.016422,3
1,general_en,3,5,0.4094150087071789,0.406072952957065,-0.0033420557501139445,-0.010671;-0.005430;0.006075,3
1,general_en,3,6,0.4094150087071789,0.4279107172732,0.018495708566021063,0.015326;0.013420;0.026741,3
1,general_en,3,7,0.4094150087071789,0.4489049297515993,0.03948992104442034,0.040505;0.035174;0.042791,3
1,general_en,3,8,0.4094150087071789,0.48192874907895367,0.07251374037177473,0.082070;0.068438;0.067033,3
1,general_en,4,1,0.43992082981599706,1.3994871353109677,0.9595663054949708,1.063238;0.960871;0.854590,3
1,general_en,4,2,0.43992082981599706,0.56366527604836,0.12374444623236301,0.110978;0.130655;0.129600,3
1,general_en,4,3,0.43992082981599706,0.4732730257566328,0.03335219594063582,0.015441;0.034009;0.050607,3
1,general_en,4,4,0.43992082981599706,0.43992082981599706,0.0,0.000000;0.000000;0.000000,3
1,general_en,4,5,0.43992082981599706,0.4216189904621354,-0.01830183935386163,-0.008402;-0.011254;-0.035249,3
1,general_en,4,6,0.43992082981599706,0.42510027769539094,-0.014820552120606104,0.004486;-0.015585;-0.033363,3
1,general_en,4,7,0.43992082981599706,0.4369176515826472,-0.003003178233349779,0.018869;-0.010480;-0.017399,3
1,general_en,4,8,0.43992082981599706,0.4544611900217003,0.014540360205703299,0.046102;-0.006533;0.004052,3
1,general_en,5,1,0.4175308359165986,1.5716153995858297,1.1540845636692312,0.980370;1.320153;1.161730,3
1,general_en,5,2,0.4175308359165986,0.6061855551821215,0.18865471926552277,0.147233;0.279491;0.139240,3
1,general_en,5,3,0.4175308359165986,0.47837687863243955,0.060846042715840876,0.067517;0.047714;0.067307,3
1,general_en,5,4,0.4175308359165986,0.4318042749332058,0.014273439016607067,0.011030;0.016879;0.014911,3
1,general_en,5,5,0.4175308359165986,0.4175308359165986,0.0,0.000000;0.000000;0.000000,3
1,general_en,5,6,0.4175308359165986,0.4146620981671192,-0.002868737749479433,-0.001288;-0.002295;-0.005024,3
1,general_en,5,7,0.4175308359165986,0.4191801261018824,0.0016492901852837212,0.010051;-0.006819;0.001715,3
1,general_en,5,8,0.4175308359165986,0.4212556295096874,0.0037247935930887857,0.020700;-0.007784;-0.001742,3
1,general_en,6,1,0.40392677761890267,1.673470233325605,1.2695434557067022,1.244572;1.342760;1.221299,3
1,general_en,6,2,0.40392677761890267,0.6811469998900538,0.277220222271151,0.386924;0.245488;0.199248,3
1,general_en,6,3,0.40392677761890267,0.4943866500699962,0.09045987245109348,0.092694;0.075478;0.103208,3
1,general_en,6,4,0.40392677761890267,0.43033611802039323,0.026409340401490528,0.023672;0.029297;0.026259,3
1,general_en,6,5,0.40392677761890267,0.413359981858068,0.009433204239165346,0.005739;0.005814;0.016746,3
1,general_en,6,6,0.40392677761890267,0.40392677761890267,0.0,0.000000;0.000000;0.000000,3
1,general_en,6,7,0.40392677761890267,0.3997867140505049,-0.004140063568397782,-0.012068;-0.000987;0.000635,3
1,general_en,6,8,0.40392677761890267,0.40365988292075966,-0.0002668946981429869,-0.004457;0.001838;0.001818,3
1,general_en,7,1,0.4005952430544076,1.7628806597656672,1.36228541671126,1.323867;1.273025;1.489965,3
1,general_en,7,2,0.4005952430544076,0.6795321558084751,0.2789369127540677,0.240539;0.208997;0.387275,3
1,general_en,7,3,0.4005952430544076,0.49073299875965826,0.09013775570525062,0.066571;0.057760;0.146082,3
1,general_en,7,4,0.4005952430544076,0.41793521479875956,0.017339971744351906,0.011619;0.005380;0.035021,3
1,general_en,7,5,0.4005952430544076,0.40478307836585575,0.004187835311448136,0.005139;-0.003658;0.011083,3
1,general_en,7,6,0.4005952430544076,0.3987331986427307,-0.0018620444116769035,-0.000036;-0.005986;0.000436,3
1,general_en,7,7,0.4005952430544076,0.4005952430544076,0.0,0.000000;0.000000;0.000000,3
1,general_en,7,8,0.4005952430544076,0.3978884709929978,-0.00270677206140979,0.000694;0.000960;-0.009774,3
1,general_en,8,1,0.4000515679794329,1.8856910340212012,1.485639466041768,1.381280;1.579915;1.495723,3
1,general_en,8,2,0.4000515679794329,0.8236226613322893,0.4235710933528565,0.356837;0.385086;0.528791,3
1,general_en,8,3,0.4000515679794329,0.5410174988210201,0.1409659308415872,0.109727;0.158028;0.155143,3
1,general_en,8,4,0.4000515679794329,0.4682911824848917,0.06823961450545878,0.033901;0.065729;0.105089,3
1,general_en,8,5,0.4000515679794329,0.4448245028378787,0.044772934858445745,0.022475;0.037479;0.074364,3
1,general_en,8,6,0.4000515679794329,0.42397108149749263,0.023919513518059692,0.017989;0.020454;0.033316,3
1,general_en,8,7,0.4000515679794329,0.40730866693236206,0.00725709895292916,0.004022;0.005100;0.012649,3
1,general_en,8,8,0.4000515679794329,0.4000515679794329,0.0,0.000000;0.000000;0.000000,3
2,math_ko,1,1,0.374816356157815,0.374816356157815,0.0,0.000000;0.000000;0.000000,3
2,math_ko,1,2,0.374816356157815,0.3828201651297234,0.008003808971908352,0.011889;-0.033435;0.045557,3
2,math_ko,1,3,0.374816356157815,0.4280823460883565,0.053265989930541435,0.039659;0.008784;0.111355,3
2,math_ko,1,4,0.374816356157815,0.4517449557229325,0.07692859956511744,0.059404;0.050714;0.120668,3
2,math_ko,1,5,0.374816356157815,0.504268841335067,0.12945248517725202,0.109685;0.098039;0.180633,3
2,math_ko,1,6,0.374816356157815,0.563113908248919,0.18829755209110402,0.157192;0.158365;0.249336,3
2,math_ko,1,7,0.374816356157815,0.6119096430915373,0.2370932869337223,0.204767;0.206133;0.300380,3
2,math_ko,1,8,0.374816356157815,0.6658708715328464,0.2910545153750314,0.257462;0.261547;0.354154,3
2,math_ko,2,1,0.3781504262652662,0.6043858390163493,0.22623541275108303,0.241389;0.174165;0.263152,3
2,math_ko,2,2,0.3781504262652662,0.3781504262652662,0.0,0.000000;0.000000;0.000000,3
2,math_ko,2,3,0.3781504262652662,0.3679530954471341,-0.010197330818132122,0.013508;-0.025066;-0.019034,3
2,math_ko,2,4,0.3781504262652662,0.3806404049197833,0.002489978654517037,0.026733;-0.012564;-0.006699,3
2,math_ko,2,5,0.3781504262652662,0.41460389133404796,0.0364534650687818,0.061439;0.019981;0.027941,3
2,math_ko,2,6,0.3781504262652662,0.4616641642318832,0.08351373796661694,0.089711;0.081018;0.079812,3
2,math_ko,2,7,0.3781504262652662,0.5166656584651382,0.13851523219987197,0.133350;0.148491;0.133705,3
2,math_ko,2,8,0.3781504262652662,0.5711840600879103,0.19303363382264419,0.167179;0.207890;0.204031,3
2,math_ko,3,1,0.37232000601512416,0.8169806158101117,0.4446606097949876,0.321089;0.554570;0.458323,3
2,math_ko,3,2,0.37232000601512416,0.4200705611319453,0.04775055511682121,0.038325;0.040237;0.064690,3
2,math_ko,3,3,0.37232000601512416,0.37232000601512416,0.0,0.000000;0.000000;0.000000,3
2,math_ko,3,4,0.37232000601512416,0.3669611480500963,-0.005358857965027848,0.000652;-0.001069;-0.015660,3
2,math_ko,3,5,0.37232000601512416,0.37830391195085317,0.005983905935729006,0.015380;0.008045;-0.005473,3
2,math_ko,3,6,0.37232000601512416,0.3982720408174727,0.025952034802348534,0.031640;0.033026;0.013190,3
2,math_ko,3,7,0.37232000601512416,0.42839935656498973,0.056079350549865646,0.054909;0.074053;0.039277,3
2,math_ko,3,8,0.37232000601512416,0.47026153308925805,0.09794152707413391,0.081772;0.131881;0.080172,3
2,math_ko,4,1,0.39173985300240693,1.1499977244271173,0.7582578714247102,0.747244;0.817262;0.710268,3
2,math_ko,4,2,0.39173985300240693,0.507827941880182,0.11608808887777505,0.080667;0.155443;0.112154,3
2,math_ko,4,3,0.39173985300240693,0.41343924541164334,0.02169939240923635,0.015002;0.042370;0.007727,3
2,math_ko,4,4,0.39173985300240693,0.39173985300240693,0.0,0.000000;0.000000;0.000000,3
2,math_ko,4,5,0.39173985300240693,0.38197566762014673,-0.009764185382260204,0.000880;-0.024692;-0.005480,3
2,math_ko,4,6,0.39173985300240693,0.3799375517776719,-0.01180230122473506,0.003489;-0.029513;-0.009383,3
2,math_ko,4,7,0.39173985300240693,0.3874303470883105,-0.004309505914096475,0.014376;-0.022575;-0.004730,3
2,math_ko,4,8,0.39173985300240693,0.402194341023763,0.010454488021356087,0.025779;-0.008574;0.014159,3
2,math_ko,5,1,0.3520640457669894,1.467436975902981,1.1153729301359918,0.919374;1.326551;1.100194,3
2,math_ko,5,2,0.3520640457669894,0.5171463126661601,0.1650822668991707,0.098522;0.202466;0.194259,3
2,math_ko,5,3,0.3520640457669894,0.3896023578665875,0.03753831209959805,0.029155;0.043584;0.039876,3
2,math_ko,5,4,0.3520640457669894,0.36486309463227234,0.012799048865282955,0.003102;0.015430;0.019865,3
2,math_ko,5,5,0.3520640457669894,0.3520640457669894,0.0,0.000000;0.000000;0.000000,3
2,math_ko,5,6,0.3520640457669894,0.35469284198350376,0.002628796216514351,0.000170;0.003381;0.004336,3
2,math_ko,5,7,0.3520640457669894,0.36172029307043113,0.009656247303441723,0.009453;0.006686;0.012829,3
2,math_ko,5,8,0.3520640457669894,0.37237224783058515,0.020308202063595793,0.021302;0.014861;0.024762,3
2,math_ko,6,1,0.3410354153149658,1.540683212655562,1.1996477973405961,1.208348;1.191564;1.199031,3
2,math_ko,6,2,0.3410354153149658,0.6175227085197413,0.27648729320477555,0.216387;0.318961;0.294114,3
2,math_ko,6,3,0.3410354153149658,0.42726268232972536,0.08622726701475956,0.056435;0.116389;0.085857,3
2,math_ko,6,4,0.3410354153149658,0.37528599219189746,0.034250576876931706,0.032582;0.043332;0.026838,3
2,math_ko,6,5,0.3410354153149658,0.35590321501647987,0.014867799701514065,0.014418;0.024118;0.006068,3
2,math_ko,6,6,0.3410354153149658,0.3410354153149658,0.0,0.000000;0.000000;0.000000,3
2,math_ko,6,7,0.3410354153149658,0.3426718092351048,0.0016363939201390159,0.009094;-0.005601;0.001416,3
2,math_ko,6,8,0.3410354153149658,0.34490736560137186,0.0038719502864060415,0.017297;-0.010881;0.005199,3
2,math_ko,7,1,0.3309965539309714,1.7664831170329343,1.4354865631019627,1.335161;1.573374;1.397925,3
2,math_ko,7,2,0.3309965539309714,0.6601126111216015,0.32911605719063014,0.268580;0.395863;0.322905,3
2,math_ko,7,3,0.3309965539309714,0.4311112590410091,0.10011470511003777,0.072380;0.118555;0.109410,3
2,math_ko,7,4,0.3309965539309714,0.3678904523452123,0.036893898414240935,0.027934;0.046600;0.036148,3
2,math_ko,7,5,0.3309965539309714,0.34884960480310295,0.017853050872131626,0.006113;0.026500;0.020947,3
2,math_ko,7,6,0.3309965539309714,0.33621556491211607,0.005219010981144708,0.002517;0.006582;0.006558,3
2,math_ko,7,7,0.3309965539309714,0.3309965539309714,0.0,0.000000;0.000000;0.000000,3
2,math_ko,7,8,0.3309965539309714,0.3299558233055804,-0.001040730625391025,0.002105;-0.002747;-0.002480,3
2,math_ko,8,1,0.34920449058214825,1.663926398312604,1.3147219077304557,1.243760;1.365031;1.335374,3
2,math_ko,8,2,0.34920449058214825,0.6126681044697762,0.2634636138876279,0.238646;0.312553;0.239192,3
2,math_ko,8,3,0.34920449058214825,0.4437961741178124,0.09459168353566418,0.064397;0.125759;0.093618,3
2,math_ko,8,4,0.34920449058214825,0.39263926998332693,0.0434347794011787,0.021340;0.064015;0.044950,3
2,math_ko,8,5,0.34920449058214825,0.3742309622466564,0.025026471664508183,0.009899;0.034151;0.031030,3
2,math_ko,8,6,0.34920449058214825,0.3645914769558995,0.015386986373751244,0.009818;0.020148;0.016195,3
2,math_ko,8,7,0.34920449058214825,0.3545277335301593,0.00532324294801112,0.002420;0.009307;0.004243,3
2,math_ko,8,8,0.34920449058214825,0.34920449058214825,0.0,0.000000;0.000000;0.000000,3
3,math_en,1,1,0.4985399760857776,0.4985399760857776,0.0,0.000000;0.000000;0.000000,3
3,math_en,1,2,0.4985399760857776,0.4825680570469963,-0.015971919038781424,-0.030680;-0.041918;0.024682,3
3,math_en,1,3,0.4985399760857776,0.5223757699131966,0.02383579382741896,0.021249;-0.022444;0.072703,3
3,math_en,1,4,0.4985399760857776,0.5742542132459305,0.07571423716015285,0.047357;0.041094;0.138692,3
3,math_en,1,5,0.4985399760857776,0.6397435433334774,0.1412035672476998,0.091547;0.122217;0.209847,3
3,math_en,1,6,0.4985399760857776,0.6992637154956659,0.20072373940988827,0.132058;0.193522;0.276591,3
3,math_en,1,7,0.4985399760857776,0.7633286463441672,0.26478867025838965,0.173163;0.272609;0.348595,3
3,math_en,1,8,0.4985399760857776,0.8126164752024191,0.31407649911664154,0.220526;0.332155;0.389549,3
3,math_en,2,1,0.4702178014925233,0.7566760143748037,0.28645821288228035,0.249239;0.234114;0.376022,3
3,math_en,2,2,0.4702178014925233,0.4702178014925233,0.0,0.000000;0.000000;0.000000,3
3,math_en,2,3,0.4702178014925233,0.45480897015443555,-0.0154088313380877,-0.003621;-0.027894;-0.014711,3
3,math_en,2,4,0.4702178014925233,0.4636803470827915,-0.006537454409731765,0.027295;-0.030944;-0.015963,3
3,math_en,2,5,0.4702178014925233,0.49900057222004296,0.02878277072751965,0.067244;0.013104;0.006000,3
3,math_en,2,6,0.4702178014925233,0.5457569920906313,0.07553919059810815,0.110342;0.068710;0.047566,3
3,math_en,2,7,0.4702178014925233,0.6050757845794713,0.13485798308694805,0.177103;0.133522;0.093949,3
3,math_en,2,8,0.4702178014925233,0.6685284152626991,0.19831061377017586,0.242581;0.209714;0.142637,3
3,math_en,3,1,0.4444418040414651,0.9563456696492655,0.5119038656078002,0.566248;0.607827;0.361637,3
3,math_en,3,2,0.4444418040414651,0.4769658144149515,0.0325240103734864,0.059529;0.027621;0.010422,3
3,math_en,3,3,0.4444418040414651,0.4444418040414651,0.0,0.000000;0.000000;0.000000,3
3,math_en,3,4,0.4444418040414651,0.43259895924064845,-0.011842844800816654,-0.018721;-0.006319;-0.010489,3
3,math_en,3,5,0.4444418040414651,0.4502709396183491,0.005829135576883952,-0.003805;0.016525;0.004767,3
3,math_en,3,6,0.4444418040414651,0.4757362976670265,0.03129449362556138,0.020025;0.052920;0.020939,3
3,math_en,3,7,0.4444418040414651,0.502149197238463,0.057707393196997823,0.052928;0.078169;0.042025,3
3,math_en,3,8,0.4444418040414651,0.5417795689017685,0.09733776486030334,0.096509;0.123006;0.072498,3
3,math_en,4,1,0.43714433480744014,1.4394656712258305,1.0023213364183905,0.881843;1.124973;1.000148,3
3,math_en,4,2,0.43714433480744014,0.5985664035435077,0.16142206873606754,0.152772;0.166977;0.164517,3
3,math_en,4,3,0.43714433480744014,0.4714375588077086,0.03429322400026852,0.035766;0.028308;0.038806,3
3,math_en,4,4,0.43714433480744014,0.43714433480744014,0.0,0.000000;0.000000;0.000000,3
3,math_en,4,5,0.43714433480744014,0.43217215645644397,-0.004972178350996097,-0.007641;-0.012447;0.005171,3
3,math_en,4,6,0.43714433480744014,0.4399510888313805,0.002806754023940483,-0.000068;-0.018355;0.026843,3
3,math_en,4,7,0.43714433480744014,0.45329920216291036,0.0161548673554703,0.015831;-0.019238;0.051871,3
3,math_en,4,8,0.43714433480744014,0.4684327966361134,0.03128846182867332,0.030620;-0.018680;0.081926,3
3,math_en,5,1,0.4376843069438581,1.5515147607635569,1.1138304538196986,1.168845;1.024103;1.148543,3
3,math_en,5,2,0.4376843069438581,0.6173542059130138,0.17966989896915572,0.152825;0.149066;0.237119,3
3,math_en,5,3,0.4376843069438581,0.47944373485666736,0.04175942791280921,0.042322;0.049975;0.032981,3
3,math_en,5,4,0.4376843069438581,0.4604147289086271,0.022730421964768988,0.030527;0.025337;0.012326,3
3,math_en,5,5,0.4376843069438581,0.4376843069438581,0.0,0.000000;0.000000;0.000000,3
3,math_en,5,6,0.4376843069438581,0.4250886836261661,-0.01259562331769202,-0.023502;-0.019353;0.005069,3
3,math_en,5,7,0.4376843069438581,0.43089564696506216,-0.006788659978795963,-0.012934;-0.024368;0.016936,3
3,math_en,5,8,0.4376843069438581,0.4385837487600468,0.0008994418161886545,-0.012961;-0.023767;0.039426,3
3,math_en,6,1,0.43000133363185106,1.8251402880306598,1.3951389543988084,1.311766;1.241933;1.631718,3
3,math_en,6,2,0.43000133363185106,0.732435610835199,0.3024342772033479,0.322357;0.245641;0.339305,3
3,math_en,6,3,0.43000133363185106,0.5338741176658207,0.10387278403396959,0.090769;0.101405;0.119444,3
3,math_en,6,4,0.43000133363185106,0.46705265053444434,0.03705131690259331,0.022528;0.057148;0.031479,3
3,math_en,6,5,0.43000133363185106,0.43784853981600874,0.007847206184157629,0.015300;0.015268;-0.007026,3
3,math_en,6,6,0.43000133363185106,0.43000133363185106,0.0,0.000000;0.000000;0.000000,3
3,math_en,6,7,0.43000133363185106,0.43181062655316466,0.0018092929213135434,0.005588;0.000650;-0.000810,3
3,math_en,6,8,0.43000133363185106,0.43376511321575556,0.003763779583904466,0.012131;0.000435;-0.001274,3
3,math_en,7,1,0.4039983353405087,1.78570376502143,1.3817054296809215,1.349058;1.270132;1.525926,3
3,math_en,7,2,0.4039983353405087,0.7443681898768301,0.3403698545363214,0.360591;0.293673;0.366846,3
3,math_en,7,3,0.4039983353405087,0.5483340914878579,0.1443357561473493,0.132597;0.160215;0.140195,3
3,math_en,7,4,0.4039983353405087,0.46875125335322493,0.06475291801271617,0.064605;0.053093;0.076561,3
3,math_en,7,5,0.4039983353405087,0.4326986368331644,0.028700301492655733,0.034137;0.028724;0.023240,3
3,math_en,7,6,0.4039983353405087,0.413052764341787,0.009054429001278341,0.013524;0.008899;0.004740,3
3,math_en,7,7,0.4039983353405087,0.4039983353405087,0.0,0.000000;0.000000;0.000000,3
3,math_en,7,8,0.4039983353405087,0.40433818474411964,0.00033984940361092564,0.000402;-0.008630;0.009247,3
3,math_en,8,1,0.41330031912635873,1.9968592491414812,1.5835589300151225,1.742749;1.504985;1.502943,3
3,math_en,8,2,0.41330031912635873,0.8457614613903894,0.4324611422640306,0.426620;0.446218;0.424546,3
3,math_en,8,3,0.41330031912635873,0.5744747011749832,0.16117438204862453,0.123823;0.174943;0.184758,3
3,math_en,8,4,0.41330031912635873,0.48615217995312476,0.07285186082676605,0.059992;0.065640;0.092924,3
3,math_en,8,5,0.41330031912635873,0.45183244664911876,0.038532127522759994,0.033986;0.030505;0.051105,3
3,math_en,8,6,0.41330031912635873,0.43685242064573143,0.02355210151937274,0.022490;0.018057;0.030110,3
3,math_en,8,7,0.41330031912635873,0.4228307647561585,0.009530445629799822,0.007734;0.007712;0.013146,3
3,math_en,8,8,0.41330031912635873,0.41330031912635873,0.0,0.000000;0.000000;0.000000,3
4,code,1,1,0.5154374252866815,0.5154374252866815,0.0,0.000000;0.000000;0.000000,3
4,code,1,2,0.5154374252866815,0.5007869881336336,-0.014650437153047998,-0.040744;-0.017333;0.014125,3
4,code,1,3,0.5154374252866815,0.5509212490309169,0.035483823744235254,0.044733;-0.004194;0.065912,3
4,code,1,4,0.5154374252866815,0.6351004728564509,0.1196630475697694,0.138115;0.068889;0.151985,3
4,code,1,5,0.5154374252866815,0.7019669661919276,0.186529540905246,0.198486;0.111410;0.249693,3
4,code,1,6,0.5154374252866815,0.781456994789618,0.26601956950293654,0.302842;0.175116;0.320101,3
4,code,1,7,0.5154374252866815,0.8542985386318631,0.3388611133451815,0.388428;0.236150;0.392006,3
4,code,1,8,0.5154374252866815,0.910787827162831,0.39535040187614934,0.457695;0.293263;0.435093,3
4,code,2,1,0.44300063478725926,0.7149010139207045,0.2719003791334453,0.314314;0.202366;0.299021,3
4,code,2,2,0.44300063478725926,0.44300063478725926,0.0,0.000000;0.000000;0.000000,3
4,code,2,3,0.44300063478725926,0.44443237657348317,0.0014317417862238873,0.008781;0.011178;-0.015664,3
4,code,2,4,0.44300063478725926,0.44421478761015115,0.0012141528228918712,-0.017389;0.016998;0.004032,3
4,code,2,5,0.44300063478725926,0.4803662996877123,0.03736566490045301,0.003332;0.068702;0.040063,3
4,code,2,6,0.44300063478725926,0.5365923292658947,0.09359169447863543,0.045949;0.134572;0.100255,3
4,code,2,7,0.44300063478725926,0.5957805655068821,0.15277993071962284,0.096433;0.201957;0.159951,3
4,code,2,8,0.44300063478725926,0.6649552155975942,0.22195458081033492,0.157966;0.269844;0.238054,3
4,code,3,1,0.3989123381950237,0.9650392750347102,0.5661269368396864,0.590326;0.514549;0.593505,3
4,code,3,2,0.3989123381950237,0.44983640009606324,0.05092406190103952,0.056872;0.035256;0.060644,3
4,code,3,3,0.3989123381950237,0.3989123381950237,0.0,0.000000;0.000000;0.000000,3
4,code,3,4,0.3989123381950237,0.39499159143478774,-0.003920746760235905,-0.007505;-0.000655;-0.003603,3
4,code,3,5,0.3989123381950237,0.40138214867975974,0.0024698104847360645,0.003690;-0.001535;0.005255,3
4,code,3,6,0.3989123381950237,0.4300827611651685,0.03117042297014483,0.028271;0.019279;0.045961,3
4,code,3,7,0.3989123381950237,0.45516456442850606,0.05625222623348238,0.057703;0.041428;0.069626,3
4,code,3,8,0.3989123381950237,0.5028867544951262,0.10397441630010251,0.111958;0.090732;0.109233,3
4,code,4,1,0.42375219916855844,1.2852443881608822,0.8614921889923237,1.097068;0.862924;0.624484,3
4,code,4,2,0.42375219916855844,0.5495825346421312,0.12583033547357278,0.132260;0.112026;0.133205,3
4,code,4,3,0.42375219916855844,0.4589498161717697,0.035197617003211244,0.044102;0.039514;0.021978,3
4,code,4,4,0.42375219916855844,0.42375219916855844,0.0,0.000000;0.000000;0.000000,3
4,code,4,5,0.42375219916855844,0.4175959719275986,-0.0061562272409598036,-0.021698;0.005854;-0.002625,3
4,code,4,6,0.42375219916855844,0.4206707393405614,-0.003081459827997087,-0.028633;0.016582;0.002807,3
4,code,4,7,0.42375219916855844,0.4423648826777935,0.018612683509235006,-0.012684;0.044838;0.023684,3
4,code,4,8,0.42375219916855844,0.4685011221854775,0.04474892301691904,0.003803;0.075658;0.054786,3
4,code,5,1,0.4057749560861676,1.4312807829291732,1.0255058268430057,0.966207;1.057756;1.052555,3
4,code,5,2,0.4057749560861676,0.6012474915219678,0.1954725354358002,0.213420;0.173983;0.199015,3
4,code,5,3,0.4057749560861676,0.45599465113547116,0.05021969504930357,0.056665;0.036240;0.057754,3
4,code,5,4,0.4057749560861676,0.41742836973733377,0.011653413651166159,0.006516;0.010755;0.017689,3
4,code,5,5,0.4057749560861676,0.4057749560861676,0.0,0.000000;0.000000;0.000000,3
4,code,5,6,0.4057749560861676,0.4014749246890898,-0.00430003139707776,-0.002003;-0.003003;-0.007894,3
4,code,5,7,0.4057749560861676,0.40491014994956825,-0.0008648061365992832,-0.006946;0.008921;-0.004570,3
4,code,5,8,0.4057749560861676,0.41320887497729725,0.007433918891129672,-0.000158;0.019150;0.003310,3
4,code,6,1,0.3775587407527146,1.5327504834643115,1.155191742711597,1.108528;1.155290;1.201757,3
4,code,6,2,0.3775587407527146,0.5778696408702267,0.20031090011751207,0.194240;0.166122;0.240571,3
4,code,6,3,0.3775587407527146,0.41971882046372805,0.042160079711013376,0.035106;0.046794;0.044580,3
4,code,6,4,0.3775587407527146,0.3979548570458536,0.02039611629313892,0.012023;0.023666;0.025500,3
4,code,6,5,0.3775587407527146,0.38677079685860205,0.009212056105887434,0.013043;0.008018;0.006576,3
4,code,6,6,0.3775587407527146,0.3775587407527146,0.0,0.000000;0.000000;0.000000,3
4,code,6,7,0.3775587407527146,0.3755223995281591,-0.002036341224555612,-0.005315;0.000743;-0.001537,3
4,code,6,8,0.3775587407527146,0.37910939477108146,0.0015506540183667743,-0.005887;0.006412;0.004127,3
4,code,7,1,0.39211376121750585,1.6945471752572943,1.3024334140397884,1.414810;1.211669;1.280822,3
4,code,7,2,0.39211376121750585,0.6753995520649134,0.28328579084740746,0.390814;0.209192;0.249851,3
4,code,7,3,0.39211376121750585,0.47335478566862915,0.08124102445112334,0.117462;0.057831;0.068429,3
4,code,7,4,0.39211376121750585,0.4267604558004274,0.03464669458292149,0.051914;0.026966;0.025060,3
4,code,7,5,0.39211376121750585,0.40291454974148005,0.01080078852397424,0.017332;0.012363;0.002707,3
4,code,7,6,0.39211376121750585,0.3910279890729322,-0.0010857721445737083,-0.003180;0.001544;-0.001621,3
4,code,7,7,0.39211376121750585,0.39211376121750585,0.0,0.000000;0.000000;0.000000,3
4,code,7,8,0.39211376121750585,0.39002244146885695,-0.002091319748648901,-0.001562;0.000166;-0.004878,3
4,code,8,1,0.3805004454873226,1.8556874217810453,1.4751869762937229,1.552448;1.361366;1.511747,3
4,code,8,2,0.3805004454873226,0.7140479414827293,0.3335474959954068,0.447296;0.211212;0.342134,3
4,code,8,3,0.3805004454873226,0.5069175692344153,0.12641712374709274,0.162752;0.068802;0.147698,3
4,code,8,4,0.3805004454873226,0.43261456048047103,0.05211411499314842,0.080693;0.022375;0.053275,3
4,code,8,5,0.3805004454873226,0.4084298567915405,0.027929411304217833,0.037183;0.017062;0.029544,3
4,code,8,6,0.3805004454873226,0.39547400493864665,0.014973559451324003,0.020272;0.006386;0.018263,3
4,code,8,7,0.3805004454873226,0.3876568221107677,0.007156376623445111,0.009732;-0.000476;0.012213,3
4,code,8,8,0.3805004454873226,0.3805004454873226,0.0,0.000000;0.000000;0.000000,3
5,reasoning,1,1,0.37382915836793407,0.37382915836793407,0.0,0.000000;0.000000;0.000000,3
5,reasoning,1,2,0.37382915836793407,0.38450846089809027,0.010679302530156254,-0.017502;0.006336;0.043204,3
5,reasoning,1,3,0.37382915836793407,0.4344740407886329,0.0606448824206988,0.049460;0.063100;0.069375,3
5,reasoning,1,4,0.37382915836793407,0.47892767425488536,0.10509851588695136,0.083904;0.097691;0.133701,3
5,reasoning,1,5,0.37382915836793407,0.546641964879301,0.17281280651136685,0.167580;0.146180;0.204678,3
5,reasoning,1,6,0.37382915836793407,0.6026318194689574,0.22880266110102335,0.210788;0.214746;0.260874,3
5,reasoning,1,7,0.37382915836793407,0.6563059036378507,0.2824767452699167,0.264088;0.272738;0.310605,3
5,reasoning,1,8,0.37382915836793407,0.7111684558568178,0.33733929748888364,0.325988;0.320796;0.365234,3
5,reasoning,2,1,0.36829977123825636,0.6141593050625589,0.2458595338243025,0.208936;0.226810;0.301832,3
5,reasoning,2,2,0.36829977123825636,0.36829977123825636,0.0,0.000000;0.000000;0.000000,3
5,reasoning,2,3,0.36829977123825636,0.3713042450447877,0.003004473806531349,-0.004389;-0.004842;0.018245,3
5,reasoning,2,4,0.36829977123825636,0.39937641968329746,0.0310766484450411,0.022966;0.001478;0.068786,3
5,reasoning,2,5,0.36829977123825636,0.43611086946394706,0.06781109822569069,0.066926;0.029564;0.106943,3
5,reasoning,2,6,0.36829977123825636,0.4785810224711895,0.1102812512329331,0.116791;0.062024;0.152029,3
5,reasoning,2,7,0.36829977123825636,0.5301272689744279,0.16182749773617144,0.166074;0.111921;0.207488,3
5,reasoning,2,8,0.36829977123825636,0.5828875176332615,0.2145877463950051,0.228164;0.162890;0.252709,3
5,reasoning,3,1,0.34339016234433206,0.8741907974084219,0.5308006350640897,0.466107;0.632923;0.493372,3
5,reasoning,3,2,0.34339016234433206,0.37356778303230254,0.0301776206879704,0.025669;0.035398;0.029465,3
5,reasoning,3,3,0.34339016234433206,0.34339016234433206,0.0,0.000000;0.000000;0.000000,3
5,reasoning,3,4,0.34339016234433206,0.3544074550822929,0.011017292737960815,0.019072;-0.000262;0.014242,3
5,reasoning,3,5,0.34339016234433206,0.37601313519257085,0.032622972848238785,0.050715;0.020817;0.026337,3
5,reasoning,3,6,0.34339016234433206,0.3928726612141839,0.04948249886985177,0.067159;0.036233;0.045055,3
5,reasoning,3,7,0.34339016234433206,0.42695049500023874,0.08356033265590668,0.116453;0.055355;0.078873,3
5,reasoning,3,8,0.34339016234433206,0.46033862619488325,0.11694846385055117,0.156350;0.081804;0.112692,3
5,reasoning,4,1,0.35201542051853957,1.2508717681522723,0.8988563476337327,0.854671;0.906182;0.935716,3
5,reasoning,4,2,0.35201542051853957,0.4954297105195346,0.14341429000099495,0.166157;0.103251;0.160835,3
5,reasoning,4,3,0.35201542051853957,0.3818728802380738,0.029857459719534258,0.042656;0.019050;0.027866,3
5,reasoning,4,4,0.35201542051853957,0.35201542051853957,0.0,0.000000;0.000000;0.000000,3
5,reasoning,4,5,0.35201542051853957,0.3521703120183062,0.0001548914997665888,0.006218;-0.000913;-0.004840,3
5,reasoning,4,6,0.35201542051853957,0.35808422140501167,0.006068800886472066,0.013774;0.001479;0.002953,3
5,reasoning,4,7,0.35201542051853957,0.3724527520438035,0.020437331525263946,0.035584;0.005830;0.019898,3
5,reasoning,4,8,0.35201542051853957,0.3988335720366902,0.04681815151815059,0.063909;0.027320;0.049226,3
5,reasoning,5,1,0.3632341732305509,1.4043162078769118,1.041082034646361,0.806029;1.124446;1.192771,3
5,reasoning,5,2,0.3632341732305509,0.5161533246713655,0.1529191514408147,0.131885;0.175431;0.151442,3
5,reasoning,5,3,0.3632341732305509,0.402802372282302,0.03956819905175104,0.046664;0.042381;0.029660,3
5,reasoning,5,4,0.3632341732305509,0.371964441543376,0.008730268312825104,0.001648;0.007749;0.016793,3
5,reasoning,5,5,0.3632341732305509,0.3632341732305509,0.0,0.000000;0.000000;0.000000,3
5,reasoning,5,6,0.3632341732305509,0.363750125384993,0.000515952154442112,0.008293;-0.004314;-0.002431,3
5,reasoning,5,7,0.3632341732305509,0.3753462486245014,0.012112075393950502,0.030588;0.004020;0.001728,3
5,reasoning,5,8,0.3632341732305509,0.3902357358623434,0.027001562631792504,0.050260;0.012872;0.017873,3
5,reasoning,6,1,0.35020963047389636,1.4199798940508455,1.069770263576949,1.065653;1.109934;1.033724,3
5,reasoning,6,2,0.35020963047389636,0.5126178362579258,0.16240820578402945,0.211208;0.098815;0.177201,3
5,reasoning,6,3,0.35020963047389636,0.3875623624081965,0.037352731934300186,0.068382;0.010764;0.032912,3
5,reasoning,6,4,0.35020963047389636,0.36289817412142406,0.012688543647527714,0.019319;-0.000083;0.018830,3
5,reasoning,6,5,0.35020963047389636,0.3514883591345063,0.0012787286606099995,0.002499;0.000157;0.001180,3
5,reasoning,6,6,0.35020963047389636,0.35020963047389636,0.0,0.000000;0.000000;0.000000,3
5,reasoning,6,7,0.35020963047389636,0.35493905731925257,0.004729426845356284,0.009712;0.004674;-0.000198,3
5,reasoning,6,8,0.35020963047389636,0.36028165384023275,0.010072023366336466,0.016988;0.011932;0.001297,3
5,reasoning,7,1,0.36684562141696614,1.664067821370231,1.297222199953265,1.012621;1.392621;1.486425,3
5,reasoning,7,2,0.36684562141696614,0.6633769911196498,0.2965313697026835,0.253900;0.238426;0.397269,3
5,reasoning,7,3,0.36684562141696614,0.4604414200617208,0.0935957986447546,0.107017;0.037170;0.136600,3
5,reasoning,7,4,0.36684562141696614,0.40488322976010815,0.038037608343142036,0.049482;0.013992;0.050639,3
5,reasoning,7,5,0.36684562141696614,0.37912478546301526,0.012279164046049099,0.023094;0.008404;0.005339,3
5,reasoning,7,6,0.36684562141696614,0.3736309502963666,0.0067853288794005135,0.009881;0.002015;0.008460,3
5,reasoning,7,7,0.36684562141696614,0.36684562141696614,0.0,0.000000;0.000000;0.000000,3
5,reasoning,7,8,0.36684562141696614,0.3673743061997272,0.0005286847827610797,0.003476;-0.003384;0.001494,3
5,reasoning,8,1,0.3374877476857769,1.7240133550431995,1.3865256073574226,1.380755;1.300378;1.478444,3
5,reasoning,8,2,0.3374877476857769,0.6168977594761936,0.27941001179041686,0.320510;0.178886;0.338834,3
5,reasoning,8,3,0.3374877476857769,0.4294241178366873,0.09193637015091051,0.089037;0.077760;0.109012,3
5,reasoning,8,4,0.3374877476857769,0.3756324702666866,0.03814472258090975,0.021109;0.045337;0.047988,3
5,reasoning,8,5,0.3374877476857769,0.35021506981165323,0.012727322125876387,0.006244;0.009075;0.022863,3
5,reasoning,8,6,0.3374877476857769,0.3445978930426969,0.007110145356920043,0.004125;0.002880;0.014326,3
5,reasoning,8,7,0.3374877476857769,0.3376769143398161,0.00018916665403932256,-0.002024;0.000316;0.002276,3
5,reasoning,8,8,0.3374877476857769,0.3374877476857769,0.0,0.000000;0.000000;0.000000,3
6,translation,1,1,0.4725100251811522,0.4725100251811522,0.0,0.000000;0.000000;0.000000,3
6,translation,1,2,0.4725100251811522,0.46298547765171083,-0.009524547529441338,-0.002102;0.016457;-0.042928,3
6,translation,1,3,0.4725100251811522,0.538010292445068,0.06550026726391582,0.060144;0.094835;0.041522,3
6,translation,1,4,0.4725100251811522,0.5890338390513703,0.11652381387021805,0.123146;0.119806;0.106619,3
6,translation,1,5,0.4725100251811522,0.640199001464579,0.1676889762834267,0.169283;0.177350;0.156434,3
6,translation,1,6,0.4725100251811522,0.7003872248309629,0.2278771996498108,0.231193;0.231443;0.220996,3
6,translation,1,7,0.4725100251811522,0.7511349105172687,0.2786248853361165,0.273360;0.295111;0.267403,3
6,translation,1,8,0.4725100251811522,0.7907307056917084,0.31822068051055624,0.323118;0.322017;0.309527,3
6,translation,2,1,0.3859438360841186,0.6216200717069484,0.23567623562282988,0.170411;0.276728;0.259890,3
6,translation,2,2,0.3859438360841186,0.3859438360841186,0.0,0.000000;0.000000;0.000000,3
6,translation,2,3,0.3859438360841186,0.3787105624322538,-0.007233273651864787,0.001543;-0.024224;0.000982,3
6,translation,2,4,0.3859438360841186,0.40166563112978576,0.015721795045667213,0.027224;0.023674;-0.003733,3
6,translation,2,5,0.3859438360841186,0.45432439915559913,0.06838056307148048,0.081492;0.085154;0.038496,3
6,translation,2,6,0.3859438360841186,0.515979525115755,0.1300356890316363,0.145119;0.168299;0.076689,3
6,translation,2,7,0.3859438360841186,0.5792969760519486,0.19335313996783007,0.216145;0.243373;0.120542,3
6,translation,2,8,0.3859438360841186,0.6403796567961022,0.2544358207119836,0.268704;0.305096;0.189507,3
6,translation,3,1,0.3926558564934466,0.913744856637937,0.5210890001444904,0.457509;0.574539;0.531220,3
6,translation,3,2,0.3926558564934466,0.44191003728795936,0.04925418079451277,0.015720;0.081588;0.050455,3
6,translation,3,3,0.3926558564934466,0.3926558564934466,0.0,0.000000;0.000000;0.000000,3
6,translation,3,4,0.3926558564934466,0.3772403817209932,-0.015415474772453327,-0.023793;-0.007854;-0.014600,3
6,translation,3,5,0.3926558564934466,0.3785270579435207,-0.014128798549925844,-0.020930;-0.000275;-0.021181,3
6,translation,3,6,0.3926558564934466,0.3902859431174066,-0.0023699133760399413,0.000296;0.001878;-0.009284,3
6,translation,3,7,0.3926558564934466,0.41130755786542544,0.01865170137197884,0.023848;0.025109;0.006997,3
6,translation,3,8,0.3926558564934466,0.4368663593022912,0.04421050280884461,0.052026;0.045848;0.034758,3
6,translation,4,1,0.38471015321987645,1.4777105147088017,1.0930003614889252,1.119401;1.101419;1.058181,3
6,translation,4,2,0.38471015321987645,0.5469615776781683,0.1622514244582918,0.145549;0.168777;0.172429,3
6,translation,4,3,0.38471015321987645,0.41678914786488924,0.03207899464501274,0.017634;0.056848;0.021755,3
6,translation,4,4,0.38471015321987645,0.38471015321987645,0.0,0.000000;0.000000;0.000000,3
6,translation,4,5,0.38471015321987645,0.3721829019486904,-0.012527251271186054,-0.011178;-0.021389;-0.005015,3
6,translation,4,6,0.38471015321987645,0.3809333112504747,-0.0037768419694017563,-0.007687;-0.009864;0.006221,3
6,translation,4,7,0.38471015321987645,0.3938637643500611,0.009153611130184591,0.014509;-0.013148;0.026100,3
6,translation,4,8,0.38471015321987645,0.4197009547992989,0.034990801579422436,0.043955;0.008720;0.052297,3
6,translation,5,1,0.3903020493410252,1.3990995483817878,1.0087974990407627,0.823098;1.183922;1.019373,3
6,translation,5,2,0.3903020493410252,0.5570598018390162,0.16675775249799094,0.136100;0.179937;0.184236,3
6,translation,5,3,0.3903020493410252,0.4325378969035767,0.0422358475625515,0.043275;0.034142;0.049291,3
6,translation,5,4,0.3903020493410252,0.4003642634661109,0.010062214125085752,0.013887;-0.000536;0.016836,3
6,translation,5,5,0.3903020493410252,0.3903020493410252,0.0,0.000000;0.000000;0.000000,3
6,translation,5,6,0.3903020493410252,0.3873045781144389,-0.002997471226586242,0.003462;-0.003562;-0.008893,3
6,translation,5,7,0.3903020493410252,0.39264930936473386,0.0023472600237086825,-0.004388;0.007597;0.003833,3
6,translation,5,8,0.3903020493410252,0.39837364548886267,0.00807159614783746,-0.000645;0.008078;0.016783,3
6,translation,6,1,0.4132161151479792,1.7292972852786381,1.316081170130659,1.312531;1.421613;1.214099,3
6,translation,6,2,0.4132161151479792,0.6653015387279017,0.2520854235799224,0.288479;0.249574;0.218204,3
6,translation,6,3,0.4132161151479792,0.482542689613722,0.06932657446574281,0.069673;0.084887;0.053420,3
6,translation,6,4,0.4132161151479792,0.4334288842424199,0.02021276909444066,0.028170;0.024968;0.007500,3
6,translation,6,5,0.4132161151479792,0.42258133173540785,0.00936521658742869,0.018289;0.008747;0.001060,3
6,translation,6,6,0.4132161151479792,0.4132161151479792,0.0,0.000000;0.000000;0.000000,3
6,translation,6,7,0.4132161151479792,0.41097898933070676,-0.0022371258172724042,-0.007624;0.001318;-0.000406,3
6,translation,6,8,0.4132161151479792,0.41439112800138966,0.0011750128534105027,-0.005636;0.003444;0.005717,3
6,translation,7,1,0.3791923267697846,1.7657939780641485,1.3866016512943637,1.372152;1.202752;1.584901,3
6,translation,7,2,0.3791923267697846,0.6716952570886523,0.2925029303188677,0.251186;0.273381;0.352941,3
6,translation,7,3,0.3791923267697846,0.4862136148192265,0.10702128804944182,0.083504;0.138478;0.099081,3
6,translation,7,4,0.3791923267697846,0.42545520500452433,0.04626287823473966,0.029255;0.062601;0.046932,3
6,translation,7,5,0.3791923267697846,0.40139291407885375,0.022200587309069097,0.012710;0.025695;0.028196,3
6,translation,7,6,0.3791923267697846,0.3856615719419938,0.0064692451722091855,0.002726;0.011670;0.005011,3
6,translation,7,7,0.3791923267697846,0.3791923267697846,0.0,0.000000;0.000000;0.000000,3
6,translation,7,8,0.3791923267697846,0.3783691857975942,-0.0008231409721904392,0.000390;-0.002242;-0.000618,3
6,translation,8,1,0.37109612094031436,1.941586785846286,1.5704906649059718,1.244860;1.876735;1.589878,3
6,translation,8,2,0.37109612094031436,0.6948327037195364,0.32373658277922207,0.294248;0.359096;0.317867,3
6,translation,8,3,0.37109612094031436,0.5286113290047204,0.15751520806440603,0.151731;0.173838;0.146977,3
6,translation,8,4,0.37109612094031436,0.42852061131486185,0.057424490374547464,0.057431;0.064546;0.050296,3
6,translation,8,5,0.37109612094031436,0.40206519045211647,0.030969069511802134,0.018234;0.042076;0.032598,3
6,translation,8,6,0.37109612094031436,0.3852938862034568,0.014197765263142407,0.011246;0.019163;0.012185,3
6,translation,8,7,0.37109612094031436,0.37836412630147404,0.007268005361159661,0.008097;0.008600;0.005108,3
6,translation,8,8,0.37109612094031436,0.37109612094031436,0.0,0.000000;0.000000;0.000000,3
