seed,pair,metric_name,same_compute,fixed_step,fixed_minus_same
0,1-2,nestedness,0.2548556857638889,0.35761951264880953,0.10276382688492064
0,1-2,spearman,0.40859732031822205,0.5538986921310425,0.14530137181282043
0,1-2,top1_agreement,0.15582372271825398,0.23024398561507936,0.07442026289682538
0,1-3,nestedness,0.34885370163690477,0.4474245101686508,0.09857080853174605
0,1-3,spearman,0.4249442517757416,0.5459343194961548,0.12099006772041321
0,1-3,top1_agreement,0.16098167782738096,0.22711278521825398,0.06613110739087302
0,1-4,nestedness,0.42886594742063494,0.5264524429563492,0.09758649553571425
0,1-4,spearman,0.44286713004112244,0.5555131435394287,0.11264601349830627
0,1-4,top1_agreement,0.16840665302579366,0.23068188864087302,0.06227523561507936
0,1-5,nestedness,0.4894476996527778,0.5896383618551587,0.10019066220238093
0,1-5,spearman,0.4488528072834015,0.5536057949066162,0.10475298762321472
0,1-5,top1_agreement,0.16662791418650794,0.23254588293650794,0.06591796875
0,1-6,nestedness,0.5457744295634921,0.6469649057539683,0.10119047619047616
0,1-6,spearman,0.44979360699653625,0.5573345422744751,0.10754093527793884
0,1-6,top1_agreement,0.16783699156746032,0.23299153645833334,0.06515454489087302
0,1-7,nestedness,0.5961797805059523,0.6892283606150794,0.09304858010912709
0,1-7,spearman,0.45183753967285156,0.5575684309005737,0.10573089122772217
0,1-7,top1_agreement,0.16709681919642858,0.23332093253968253,0.06622411334325395
0,1-8,nestedness,0.6423378596230159,0.7230011470734127,0.08066328745039675
0,1-8,spearman,0.4591774344444275,0.5596761107444763,0.10049867630004883
0,1-8,top1_agreement,0.1702667720734127,0.23656063988095238,0.06629386780753968
0,2-3,coactivation_cosine,0.9357945754482776,0.9498755068908475,0.014080931442569944
0,2-3,nestedness,0.585052005828373,0.6257304842509921,0.04067847842261907
0,2-3,spearman,0.6959874033927917,0.7471542358398438,0.051166832447052
0,2-3,top1_agreement,0.43940662202380953,0.47608196924603174,0.03667534722222221
0,2-3,top_pair_overlap,0.17647058823529413,0.25,0.07352941176470587
0,2-4,coactivation_cosine,0.9228858184494345,0.9408534884840575,0.017967670034622962
0,2-4,nestedness,0.6451028490823413,0.6873663039434523,0.04226345486111105
0,2-4,spearman,0.6875512599945068,0.7341085076332092,0.04655724763870239
0,2-4,top1_agreement,0.4162442646329365,0.4486917162698413,0.03244745163690477
0,2-4,top_pair_overlap,0.0,0.05263157894736842,0.05263157894736842
0,2-5,coactivation_cosine,0.926549063960653,0.9386315990011971,0.012082535040544129
0,2-5,nestedness,0.7106662326388888,0.7398235987103174,0.029157366071428603
0,2-5,spearman,0.6908584237098694,0.7273795008659363,0.036521077156066895
0,2-5,top1_agreement,0.41434151785714285,0.4398987785218254,0.025557260664682557
0,2-5,top_pair_overlap,0.1111111111111111,0.05263157894736842,-0.05847953216374269
0,2-6,coactivation_cosine,0.9174444664763947,0.9289791489535267,0.011534682477132074
0,2-6,nestedness,0.7456713479662699,0.7724202473958334,0.02674889942956349
0,2-6,spearman,0.6803107857704163,0.7217825651168823,0.041471779346466064
0,2-6,top1_agreement,0.4071994357638889,0.4293464781746032,0.0221470424107143
0,2-6,top_pair_overlap,0.05263157894736842,0.05263157894736842,0.0
0,2-7,coactivation_cosine,0.9162460740582984,0.9287769953738884,0.012530921315589971
0,2-7,nestedness,0.7827109685019841,0.8098473927331349,0.027136424231150813
0,2-7,spearman,0.6757284998893738,0.7162633538246155,0.0405348539352417
0,2-7,top1_agreement,0.39991009424603174,0.4166162884424603,0.016706194196428548
0,2-7,top_pair_overlap,0.1111111111111111,0.05263157894736842,-0.05847953216374269
0,2-8,coactivation_cosine,0.9205274721193499,0.93203036070999,0.011502888590640081
0,2-8,nestedness,0.8165050688244048,0.8317638578869048,0.0152587890625
0,2-8,spearman,0.6765998601913452,0.7077877521514893,0.031187891960144043
0,2-8,top1_agreement,0.39494590153769843,0.4118226066468254,0.016876705109126977
0,2-8,top_pair_overlap,0.05263157894736842,0.05263157894736842,0.0
0,3-4,coactivation_cosine,0.9736329626684627,0.9743677716309083,0.0007348089624455989
0,3-4,nestedness,0.6706685061177251,0.6820656105324074,0.011397104414682335
0,3-4,spearman,0.7750918865203857,0.7870363593101501,0.011944472789764404
0,3-4,top1_agreement,0.5233716207837301,0.5314747643849206,0.008103143601190466
0,3-4,top_pair_overlap,0.05263157894736842,0.1111111111111111,0.05847953216374269
0,3-5,coactivation_cosine,0.9729388766196294,0.9735966814570267,0.0006578048373973022
0,3-5,nestedness,0.7329321159887566,0.7355052806712963,0.0025731646825396526
0,3-5,spearman,0.7710005640983582,0.7757918834686279,0.004791319370269775
0,3-5,top1_agreement,0.5117768787202381,0.5136524987599206,0.0018756200396824463
0,3-5,top_pair_overlap,0.1111111111111111,0.1111111111111111,0.0
0,3-6,coactivation_cosine,0.968983892982225,0.9690504868364709,6.659385424589992e-05
0,3-6,nestedness,0.7695209160052909,0.7778953269675927,0.008374410962301737
0,3-6,spearman,0.7560878396034241,0.7689673900604248,0.012879550457000732
0,3-6,top1_agreement,0.48860289558531744,0.49021112351190477,0.0016082279265873245
0,3-6,top_pair_overlap,0.1111111111111111,0.1111111111111111,0.0
0,3-7,coactivation_cosine,0.9679547611260895,0.971147562644243,0.0031928015181534875
0,3-7,nestedness,0.8071741174768517,0.8127596416170637,0.0055855241402119615
0,3-7,spearman,0.7488309144973755,0.7594891786575317,0.01065826416015625
0,3-7,top1_agreement,0.4766283792162698,0.4822862413194444,0.0056578621031745935
0,3-7,top_pair_overlap,0.1111111111111111,0.1111111111111111,0.0
0,3-8,coactivation_cosine,0.9694968152866561,0.9703766961191734,0.0008798808325173324
0,3-8,nestedness,0.8359439587466932,0.8349454365079365,-0.0009985222387567383
0,3-8,spearman,0.744831919670105,0.7486218810081482,0.003789961338043213
0,3-8,top1_agreement,0.4716409350198413,0.46886625744047616,-0.0027746775793651146
0,3-8,top_pair_overlap,0.1111111111111111,0.05263157894736842,-0.05847953216374269
0,4-5,coactivation_cosine,0.9861086406883331,0.9827191744925149,-0.003389466195818258
0,4-5,nestedness,0.73419189453125,0.7264133029513888,-0.0077785915798611605
0,4-5,spearman,0.826283872127533,0.8161824941635132,-0.010101377964019775
0,4-5,top1_agreement,0.5887276785714286,0.5793069506448413,-0.009420727926587324
0,4-5,top_pair_overlap,0.1111111111111111,0.1111111111111111,0.0
0,4-6,coactivation_cosine,0.9859248747818896,0.9826206832368592,-0.003304191545030366
0,4-6,nestedness,0.7825995551215278,0.7748122442336309,-0.007787310887896859
0,4-6,spearman,0.814790666103363,0.8074988126754761,-0.007291853427886963
0,4-6,top1_agreement,0.5677238343253969,0.5621899801587301,-0.005533854166666741
0,4-6,top_pair_overlap,0.17647058823529413,0.1111111111111111,-0.06535947712418302
0,4-7,coactivation_cosine,0.982242943167019,0.9854852215598978,0.003242278392878828
0,4-7,nestedness,0.8132130456349206,0.8145509750124008,0.0013379293774802292
0,4-7,spearman,0.8005580306053162,0.8033042550086975,0.0027462244033813477
0,4-7,top1_agreement,0.5429920014880952,0.5478321862599206,0.004840184771825351
0,4-7,top_pair_overlap,0.17647058823529413,0.05263157894736842,-0.12383900928792571
0,4-8,coactivation_cosine,0.9800562824362896,0.9837058884835417,0.003649606047252063
0,4-8,nestedness,0.8420632983010913,0.8358212425595238,-0.006242055741567443
0,4-8,spearman,0.7947914004325867,0.78836590051651,-0.00642549991607666
0,4-8,top1_agreement,0.5362645709325397,0.5299517919146826,-0.006312779017857095
0,4-8,top_pair_overlap,0.05263157894736842,0.1111111111111111,0.05847953216374269
0,5-6,coactivation_cosine,0.9917359653601289,0.9883948443913021,-0.003341120968826772
0,5-6,nestedness,0.7775832403273808,0.7610390314980159,-0.016544208829364915
0,5-6,spearman,0.8554423451423645,0.8396084308624268,-0.015833914279937744
0,5-6,top1_agreement,0.6336766803075397,0.6099679129464286,-0.02370876736111105
0,5-6,top_pair_overlap,0.25,0.25,0.0
0,5-7,coactivation_cosine,0.9909370617279261,0.9891288398574555,-0.0018082218704705832
0,5-7,nestedness,0.8197273375496031,0.7999782986111112,-0.019749038938491892
0,5-7,spearman,0.8472601175308228,0.825306236743927,-0.021953880786895752
0,5-7,top1_agreement,0.6149127294146826,0.5929284474206349,-0.021984281994047672
0,5-7,top_pair_overlap,0.17647058823529413,0.1111111111111111,-0.06535947712418302
0,5-8,coactivation_cosine,0.9913051245849964,0.9880084177349576,-0.0032967068500387997
0,5-8,nestedness,0.8491838727678572,0.8254208519345239,-0.02376302083333337
0,5-8,spearman,0.8378506302833557,0.8118625283241272,-0.025988101959228516
0,5-8,top1_agreement,0.5935601128472222,0.5677393353174603,-0.025820777529761862
0,5-8,top_pair_overlap,0.3333333333333333,0.17647058823529413,-0.15686274509803919
0,6-7,coactivation_cosine,0.9938193130619712,0.992357871719927,-0.0014614413420442895
0,6-7,nestedness,0.8054515697337965,0.7835757946841931,-0.021875775049603363
0,6-7,spearman,0.8710500597953796,0.8516551852226257,-0.019394874572753906
0,6-7,top1_agreement,0.661683097718254,0.6259339347718254,-0.0357491629464286
0,6-7,top_pair_overlap,0.42857142857142855,0.17647058823529413,-0.25210084033613445
0,6-8,coactivation_cosine,0.9929983383765163,0.9921253950738256,-0.0008729433026907207
0,6-8,nestedness,0.8374546595982146,0.8196963355654762,-0.01775832403273847
0,6-8,spearman,0.8614146709442139,0.8428497314453125,-0.018564939498901367
0,6-8,top1_agreement,0.6375984312996031,0.607666015625,-0.02993241567460314
0,6-8,top_pair_overlap,0.42857142857142855,0.25,-0.17857142857142855
0,7-8,coactivation_cosine,0.993961335408903,0.994877321952559,0.0009159865436559889
0,7-8,nestedness,0.8283525324192177,0.7965909996811223,-0.031761532738095344
0,7-8,spearman,0.8847222328186035,0.8535674810409546,-0.031154751777648926
0,7-8,top1_agreement,0.6791410900297619,0.6271275111607143,-0.05201357886904756
0,7-8,top_pair_overlap,0.3333333333333333,0.1111111111111111,-0.2222222222222222
1,1-2,nestedness,0.2457759796626984,0.3644166976686508,0.11864071800595241
1,1-2,spearman,0.40143173933029175,0.5631365180015564,0.16170477867126465
1,1-2,top1_agreement,0.15140593998015872,0.23661876860119047,0.08521282862103174
1,1-3,nestedness,0.33461216517857145,0.4632975260416667,0.12868536086309523
1,1-3,spearman,0.41426965594291687,0.5589707493782043,0.14470109343528748
1,1-3,top1_agreement,0.15440538194444445,0.23858351934523808,0.08417813740079363
1,1-4,nestedness,0.41085379464285715,0.5403490823412699,0.12949528769841273
1,1-4,spearman,0.4299381971359253,0.5585567951202393,0.12861859798431396
1,1-4,top1_agreement,0.1623806423611111,0.24029637896825398,0.07791573660714288
1,1-5,nestedness,0.4790620349702381,0.6049572172619048,0.12589518229166669
1,1-5,spearman,0.4375784695148468,0.5632591843605042,0.12568071484565735
1,1-5,top1_agreement,0.16281854538690477,0.23722330729166666,0.07440476190476189
1,1-6,nestedness,0.5321529327876984,0.6521112351190477,0.1199583023313493
1,1-6,spearman,0.44421738386154175,0.5625986456871033,0.11838126182556152
1,1-6,top1_agreement,0.16090029761904762,0.23605298239087302,0.0751526847718254
1,1-7,nestedness,0.5807872953869048,0.7024855840773809,0.12169828869047616
1,1-7,spearman,0.4468044340610504,0.5712723731994629,0.12446793913841248
1,1-7,top1_agreement,0.16067553323412698,0.24179609995039683,0.08112056671626985
1,1-8,nestedness,0.6240815662202381,0.7396065848214286,0.11552501860119047
1,1-8,spearman,0.45223745703697205,0.571193277835846,0.1189558207988739
1,1-8,top1_agreement,0.15971834697420634,0.24218362475198413,0.08246527777777779
1,2-3,coactivation_cosine,0.9420938824168722,0.9395278437275565,-0.0025660386893157083
1,2-3,nestedness,0.5765962146577381,0.6291852678571429,0.05258905319940477
1,2-3,spearman,0.6839717030525208,0.7416501045227051,0.057678401470184326
1,2-3,top1_agreement,0.43888733878968256,0.49016074528769843,0.05127340649801587
1,2-3,top_pair_overlap,0.1111111111111111,0.1111111111111111,0.0
1,2-4,coactivation_cosine,0.9290946830427986,0.9247045651325495,-0.004390117910249125
1,2-4,nestedness,0.6509641617063492,0.6876724485367064,0.036708286830357206
1,2-4,spearman,0.6764870285987854,0.7250366806983948,0.048549652099609375
1,2-4,top1_agreement,0.4290248325892857,0.465087890625,0.0360630580357143
1,2-4,top_pair_overlap,0.1111111111111111,0.1111111111111111,0.0
1,2-5,coactivation_cosine,0.9288569300407343,0.9216621417941968,-0.00719478824653752
1,2-5,nestedness,0.712859623015873,0.7454853360615079,0.032625713045634885
1,2-5,spearman,0.6796609163284302,0.7191751599311829,0.039514243602752686
1,2-5,top1_agreement,0.41870892237103174,0.4491761222718254,0.030467199900793662
1,2-5,top_pair_overlap,0.1111111111111111,0.1111111111111111,0.0
1,2-6,coactivation_cosine,0.9250902221273524,0.9162127523525321,-0.00887746977482029
1,2-6,nestedness,0.7528967478918651,0.7722206721230159,0.019323924231150813
1,2-6,spearman,0.6718510985374451,0.7054356336593628,0.033584535121917725
1,2-6,top1_agreement,0.4096795944940476,0.4232972160218254,0.01361762152777779
1,2-6,top_pair_overlap,0.17647058823529413,0.05263157894736842,-0.12383900928792571
1,2-7,coactivation_cosine,0.9170815261514657,0.9118099768027894,-0.005271549348676241
1,2-7,nestedness,0.786530025421627,0.8116067553323413,0.0250767299107143
1,2-7,spearman,0.6687025427818298,0.708187460899353,0.03948491811752319
1,2-7,top1_agreement,0.4019213479662698,0.42790488591269843,0.025983537946428603
1,2-7,top_pair_overlap,0.0,0.1111111111111111,0.1111111111111111
1,2-8,coactivation_cosine,0.9184690311176272,0.9108615025765914,-0.007607528541035857
1,2-8,nestedness,0.8211379278273809,0.8416825551835317,0.020544627356150813
1,2-8,spearman,0.6682479977607727,0.7071329355239868,0.03888493776321411
1,2-8,top1_agreement,0.40847051711309523,0.431121341765873,0.02265082465277779
1,2-8,top_pair_overlap,0.05263157894736842,0.0,-0.05263157894736842
1,3-4,coactivation_cosine,0.9684401215214211,0.9732029093703449,0.004762787848923811
1,3-4,nestedness,0.6601291232638891,0.6847356564153441,0.024606533151455
1,3-4,spearman,0.76031094789505,0.7815249562263489,0.021214008331298828
1,3-4,top1_agreement,0.5095331101190477,0.5453210255456349,0.035787915426587213
1,3-4,top_pair_overlap,0.17647058823529413,0.3333333333333333,0.15686274509803919
1,3-5,coactivation_cosine,0.9691244947418306,0.971902700422405,0.002778205680574408
1,3-5,nestedness,0.7333506427744707,0.7457023499503967,0.012351707175926041
1,3-5,spearman,0.764226496219635,0.7774356007575989,0.013209104537963867
1,3-5,top1_agreement,0.498077876984127,0.5277622767857143,0.029684399801587324
1,3-5,top_pair_overlap,0.1111111111111111,0.17647058823529413,0.06535947712418302
1,3-6,coactivation_cosine,0.9612747142457639,0.9689275562119634,0.00765284196619942
1,3-6,nestedness,0.7753518725198413,0.7800822585978836,0.004730386078042326
1,3-6,spearman,0.7541949152946472,0.7620452642440796,0.007850348949432373
1,3-6,top1_agreement,0.4793798053075397,0.5013834635416666,0.02200365823412692
1,3-6,top_pair_overlap,0.1111111111111111,0.25,0.1388888888888889
1,3-7,coactivation_cosine,0.9589808955575643,0.96748880712109,0.008507911563525705
1,3-7,nestedness,0.807723110945767,0.8173221002810844,0.009598989335317443
1,3-7,spearman,0.7473521828651428,0.7625894546508789,0.015237271785736084
1,3-7,top1_agreement,0.4701722160218254,0.49745396205357145,0.027281746031746046
1,3-7,top_pair_overlap,0.05263157894736842,0.25,0.19736842105263158
1,3-8,coactivation_cosine,0.9601913044749086,0.9644053183669555,0.004214013892046897
1,3-8,nestedness,0.8407583085317459,0.8465065930886244,0.00574828455687848
1,3-8,spearman,0.7454462051391602,0.7567977905273438,0.011351585388183594
1,3-8,top1_agreement,0.47216409350198413,0.4944273933531746,0.022263299851190466
1,3-8,top_pair_overlap,0.05263157894736842,0.1111111111111111,0.05847953216374269
1,4-5,coactivation_cosine,0.9857599132595506,0.9849381323126368,-0.0008217809469137638
1,4-5,nestedness,0.735167488219246,0.7257845439608135,-0.009382944258432557
1,4-5,spearman,0.8229138255119324,0.8123554587364197,-0.010558366775512695
1,4-5,top1_agreement,0.5808996775793651,0.5709364149305556,-0.009963262648809534
1,4-5,top_pair_overlap,0.17647058823529413,0.25,0.07352941176470587
1,4-6,coactivation_cosine,0.9831425755122094,0.9852238024820009,0.0020812269697915164
1,4-6,nestedness,0.7786090184771826,0.7733541821676587,-0.005254836309523836
1,4-6,spearman,0.8082522749900818,0.80311518907547,-0.005137085914611816
1,4-6,top1_agreement,0.5540674603174603,0.5495179191468254,-0.004549541170634996
1,4-6,top_pair_overlap,0.25,0.17647058823529413,-0.07352941176470587
1,4-7,coactivation_cosine,0.982961325482816,0.9836249920570276,0.0006636665742115744
1,4-7,nestedness,0.8164575970362103,0.8122694227430556,-0.004188174293154767
1,4-7,spearman,0.8010165691375732,0.7991926074028015,-0.0018239617347717285
1,4-7,top1_agreement,0.5438445560515873,0.54052734375,-0.0033172123015873245
1,4-7,top_pair_overlap,0.1111111111111111,0.17647058823529413,0.06535947712418302
1,4-8,coactivation_cosine,0.9806337506443742,0.980719321662026,8.557101765183095e-05
1,4-8,nestedness,0.8448030986483135,0.8373635912698413,-0.00743950737847221
1,4-8,spearman,0.7925499081611633,0.7858225107192993,-0.006727397441864014
1,4-8,top1_agreement,0.5347183469742064,0.5317421564980159,-0.0029761904761904656
1,4-8,top_pair_overlap,0.1111111111111111,0.05263157894736842,-0.05847953216374269
1,5-6,coactivation_cosine,0.9917119168925717,0.9902024257147547,-0.0015094911778169573
1,5-6,nestedness,0.7835053943452384,0.7546758742559525,-0.028829520089285854
1,5-6,spearman,0.8567399382591248,0.8283931016921997,-0.02834683656692505
1,5-6,top1_agreement,0.6301347036210317,0.5930214533730159,-0.03711325024801582
1,5-6,top_pair_overlap,0.5384615384615384,0.17647058823529413,-0.3619909502262443
1,5-7,coactivation_cosine,0.9901060771142377,0.9890642168457441,-0.0010418602684936218
1,5-7,nestedness,0.8176889570932541,0.8027723524305559,-0.014916604662698174
1,5-7,spearman,0.841791033744812,0.8253562450408936,-0.016434788703918457
1,5-7,top1_agreement,0.6069297185019841,0.5867706783234127,-0.020159040178571397
1,5-7,top_pair_overlap,0.17647058823529413,0.25,0.07352941176470587
1,5-8,coactivation_cosine,0.988180661416851,0.9897787745355427,0.0015981131186917352
1,5-8,nestedness,0.8529064360119047,0.8353011842757937,-0.01760525173611105
1,5-8,spearman,0.8387280702590942,0.820257306098938,-0.01847076416015625
1,5-8,top1_agreement,0.5950714595734127,0.5709984188988095,-0.02407304067460314
1,5-8,top_pair_overlap,0.25,0.1111111111111111,-0.1388888888888889
1,6-7,coactivation_cosine,0.9929476320491537,0.9933204354046946,0.00037280335554090716
1,6-7,nestedness,0.809398509837963,0.7856057787698414,-0.02379273106812163
1,6-7,spearman,0.8721115589141846,0.851538360118866,-0.020573198795318604
1,6-7,top1_agreement,0.6566026475694444,0.629425533234127,-0.027177114335317443
1,6-7,top_pair_overlap,0.17647058823529413,0.25,0.07352941176470587
1,6-8,coactivation_cosine,0.9931764571253042,0.9915550130764448,-0.001621444048859444
1,6-8,nestedness,0.8484325913525133,0.8178258825231484,-0.030606708829364893
1,6-8,spearman,0.8693529963493347,0.838455080986023,-0.030897915363311768
1,6-8,top1_agreement,0.6405591207837301,0.6086193266369048,-0.03193979414682535
1,6-8,top_pair_overlap,0.25,0.17647058823529413,-0.07352941176470587
1,7-8,coactivation_cosine,0.9953724579807547,0.9945913963174369,-0.0007810616633178169
1,7-8,nestedness,0.8394036325467688,0.8111049107142856,-0.028298721832483165
1,7-8,spearman,0.8925564289093018,0.8679246306419373,-0.024631798267364502
1,7-8,top1_agreement,0.7026638454861112,0.6565096416170635,-0.04615420386904767
1,7-8,top_pair_overlap,0.42857142857142855,0.3333333333333333,-0.09523809523809523
2,1-2,nestedness,0.2566072978670635,0.35998341393849204,0.10337611607142855
2,1-2,spearman,0.41413429379463196,0.5595170855522156,0.14538279175758362
2,1-2,top1_agreement,0.15468827504960317,0.23005022321428573,0.07536194816468256
2,1-3,nestedness,0.3533683655753968,0.4574226500496032,0.1040542844742064
2,1-3,spearman,0.4262833595275879,0.5571359992027283,0.13085263967514038
2,1-3,top1_agreement,0.1619543650793651,0.23020523313492064,0.06825086805555555
2,1-4,nestedness,0.4200342571924603,0.5256231398809523,0.10558888268849204
2,1-4,spearman,0.4333002269268036,0.5522445440292358,0.11894431710243225
2,1-4,top1_agreement,0.1549750434027778,0.22408621651785715,0.06911117311507936
2,1-5,nestedness,0.4900173611111111,0.5948970734126984,0.10487971230158727
2,1-5,spearman,0.44927504658699036,0.5606869459152222,0.11141189932823181
2,1-5,top1_agreement,0.16256665426587302,0.22015671502976192,0.057590060763888895
2,1-6,nestedness,0.5498511904761905,0.6523243737599206,0.10247318328373012
2,1-6,spearman,0.45469823479652405,0.5600799322128296,0.10538169741630554
2,1-6,top1_agreement,0.1676509796626984,0.22586883060515872,0.05821785094246032
2,1-7,nestedness,0.5955016121031746,0.6962890625,0.10078745039682535
2,1-7,spearman,0.4528636932373047,0.5649905800819397,0.11212688684463501
2,1-7,top1_agreement,0.16548084077380953,0.22777545262896826,0.06229461185515872
2,1-8,nestedness,0.6407412574404762,0.7298797123015873,0.08913845486111116
2,1-8,spearman,0.45234185457229614,0.563532292842865,0.11119043827056885
2,1-8,top1_agreement,0.16120256696428573,0.22488839285714285,0.06368582589285712
2,2-3,coactivation_cosine,0.9238522070761999,0.9280132647566187,0.004161057680418856
2,2-3,nestedness,0.5769178602430556,0.6177842881944444,0.04086642795138884
2,2-3,spearman,0.6956572532653809,0.7444230318069458,0.04876577854156494
2,2-3,top1_agreement,0.4435027591765873,0.480011470734127,0.03650871155753965
2,2-3,top_pair_overlap,0.17647058823529413,0.1111111111111111,-0.06535947712418302
2,2-4,coactivation_cosine,0.935179853971851,0.9328738924971751,-0.002305961474675877
2,2-4,nestedness,0.6468428354414683,0.6787748790922619,0.03193204365079361
2,2-4,spearman,0.6920403838157654,0.7303005456924438,0.03826016187667847
2,2-4,top1_agreement,0.4169340587797619,0.4426385788690476,0.0257045200892857
2,2-4,top_pair_overlap,0.1111111111111111,0.25,0.1388888888888889
2,2-5,coactivation_cosine,0.9333970321128859,0.9228809782180455,-0.01051605389484045
2,2-5,nestedness,0.7132568359375,0.7328345889136905,0.019577752976190466
2,2-5,spearman,0.6961807608604431,0.7228357791900635,0.02665501832962036
2,2-5,top1_agreement,0.4281257750496032,0.4346090649801587,0.006483289930555525
2,2-5,top_pair_overlap,0.05263157894736842,0.1111111111111111,0.05847953216374269
2,2-6,coactivation_cosine,0.9334975234437023,0.9140700901296401,-0.01942743331406216
2,2-6,nestedness,0.7592424665178571,0.7654002356150794,0.006157769097222321
2,2-6,spearman,0.6916748881340027,0.7089523673057556,0.01727747917175293
2,2-6,top1_agreement,0.41984824528769843,0.41653878348214285,-0.0033094618055555802
2,2-6,top_pair_overlap,0.1111111111111111,0.1111111111111111,0.0
2,2-7,coactivation_cosine,0.9325659337703152,0.9148821677736481,-0.0176837659966671
2,2-7,nestedness,0.7926994202628969,0.8012365916418651,0.008537171378968256
2,2-7,spearman,0.681678831577301,0.7037031650543213,0.022024333477020264
2,2-7,top1_agreement,0.4061802455357143,0.4128805493551587,0.00670030381944442
2,2-7,top_pair_overlap,0.1111111111111111,0.1111111111111111,0.0
2,2-8,coactivation_cosine,0.9310793274589152,0.915115520654647,-0.015963806804268232
2,2-8,nestedness,0.8221939329117064,0.8246353391617064,0.00244140625
2,2-8,spearman,0.676936686038971,0.7001527547836304,0.023216068744659424
2,2-8,top1_agreement,0.398956783234127,0.4029909164186508,0.004034133184523836
2,2-8,top_pair_overlap,0.05263157894736842,0.1111111111111111,0.05847953216374269
2,3-4,coactivation_cosine,0.9689048401325742,0.9747771299198501,0.005872289787275942
2,3-4,nestedness,0.6593179046792329,0.6810787140376984,0.02176080935846547
2,3-4,spearman,0.7634285688400269,0.7852495908737183,0.021821022033691406
2,3-4,top1_agreement,0.5154738653273809,0.5335984002976191,0.018124534970238138
2,3-4,top_pair_overlap,0.3333333333333333,0.25,-0.08333333333333331
2,3-5,coactivation_cosine,0.9665054235662291,0.9653575372589281,-0.0011478863073010048
2,3-5,nestedness,0.727756076388889,0.7355349909060847,0.007778914517195701
2,3-5,spearman,0.7659886479377747,0.775171160697937,0.009182512760162354
2,3-5,top1_agreement,0.5075489831349206,0.5089479476686508,0.0013989645337302292
2,3-5,top_pair_overlap,0.1111111111111111,0.05263157894736842,-0.05847953216374269
2,3-6,coactivation_cosine,0.9644710922955558,0.960482641663244,-0.003988450632311791
2,3-6,nestedness,0.7696462156911374,0.7674076140873017,-0.0022386016038357104
2,3-6,spearman,0.7546510696411133,0.755005419254303,0.00035434961318969727
2,3-6,top1_agreement,0.49539620535714285,0.48653738839285715,-0.008858816964285698
2,3-6,top_pair_overlap,0.17647058823529413,0.1111111111111111,-0.06535947712418302
2,3-7,coactivation_cosine,0.9628622033482913,0.9626903595496705,-0.00017184379862078547
2,3-7,nestedness,0.8028286727017194,0.8060916315310845,0.0032629588293651146
2,3-7,spearman,0.7455315589904785,0.7515271902084351,0.005995631217956543
2,3-7,top1_agreement,0.48554532490079366,0.47793433779761907,-0.0076109871031745935
2,3-7,top_pair_overlap,0.1111111111111111,0.1111111111111111,0.0
2,3-8,coactivation_cosine,0.9627159185103278,0.9610593358583868,-0.0016565826519410187
2,3-8,nestedness,0.8282593419312169,0.8337944878472222,0.005535145916005346
2,3-8,spearman,0.7359741926193237,0.7468996644020081,0.010925471782684326
2,3-8,top1_agreement,0.46544828869047616,0.46173192584325395,-0.00371636284722221
2,3-8,top_pair_overlap,0.05263157894736842,0.17647058823529413,0.12383900928792571
2,4-5,coactivation_cosine,0.9815619640471205,0.9818370506190867,0.0002750865719661766
2,4-5,nestedness,0.7261730375744048,0.7188769143725199,-0.007296123201884885
2,4-5,spearman,0.8187883496284485,0.811143696308136,-0.0076446533203125
2,4-5,top1_agreement,0.5753231956845238,0.5684640066964286,-0.006859188988095233
2,4-5,top_pair_overlap,0.3333333333333333,0.3333333333333333,0.0
2,4-6,coactivation_cosine,0.9808873521776508,0.979615256823984,-0.0012720953536667912
2,4-6,nestedness,0.7718486483134921,0.7599167596726191,-0.011931888640873023
2,4-6,spearman,0.8044812679290771,0.791583776473999,-0.012897491455078125
2,4-6,top1_agreement,0.5507386222718254,0.5367683531746031,-0.01397026909722221
2,4-6,top_pair_overlap,0.17647058823529413,0.17647058823529413,0.0
2,4-7,coactivation_cosine,0.9810363781401473,0.9783649544638608,-0.0026714236762864774
2,4-7,nestedness,0.8044239831349206,0.798460945250496,-0.005963037884424538
2,4-7,spearman,0.7901626825332642,0.7840991616249084,-0.006063520908355713
2,4-7,top1_agreement,0.5350787450396826,0.5157683841765873,-0.019310360863095233
2,4-7,top_pair_overlap,0.25,0.17647058823529413,-0.07352941176470587
2,4-8,coactivation_cosine,0.9772694494895544,0.979386873500041,0.002117424010486646
2,4-8,nestedness,0.8295694986979166,0.8246053059895834,-0.004964192708333259
2,4-8,spearman,0.779380202293396,0.7770500183105469,-0.002330183982849121
2,4-8,top1_agreement,0.5048673115079365,0.49905831473214285,-0.005808996775793662
2,4-8,top_pair_overlap,0.1111111111111111,0.17647058823529413,0.06535947712418302
2,5-6,coactivation_cosine,0.9884190023423955,0.9844671215668722,-0.003951880775523331
2,5-6,nestedness,0.7833883618551586,0.7528870597718252,-0.030501302083333348
2,5-6,spearman,0.8572024703025818,0.8264061808586121,-0.030796289443969727
2,5-6,top1_agreement,0.6355639260912699,0.5968501984126984,-0.03871372767857151
2,5-6,top_pair_overlap,0.17647058823529413,0.1111111111111111,-0.06535947712418302
2,5-7,coactivation_cosine,0.9892872504918175,0.9815377594626504,-0.00774949102916711
2,5-7,nestedness,0.8236297123015871,0.7935624379960317,-0.030067274305555447
2,5-7,spearman,0.8473915457725525,0.8184221982955933,-0.02896934747695923
2,5-7,top1_agreement,0.6151529947916666,0.5734281994047619,-0.04172479538690477
2,5-7,top_pair_overlap,0.1111111111111111,0.1111111111111111,0.0
2,5-8,coactivation_cosine,0.9857706659899251,0.9824670847814679,-0.003303581208457196
2,5-8,nestedness,0.8484956287202381,0.8282838851686507,-0.02021174355158739
2,5-8,spearman,0.8332341909408569,0.8138747215270996,-0.019359469413757324
2,5-8,top1_agreement,0.5752689422123016,0.551331535218254,-0.023937406994047672
2,5-8,top_pair_overlap,0.17647058823529413,0.1111111111111111,-0.06535947712418302
2,6-7,coactivation_cosine,0.9948897147319008,0.9922812843865303,-0.002608430345370505
2,6-7,nestedness,0.8159244274966931,0.781241603629299,-0.034682823867394186
2,6-7,spearman,0.8784670233726501,0.8431786298751831,-0.03528839349746704
2,6-7,top1_agreement,0.6727314298115079,0.6145290798611112,-0.05820234995039675
2,6-7,top_pair_overlap,0.25,0.25,0.0
2,6-8,coactivation_cosine,0.9922026552393093,0.9923265670796575,0.000123911840348212
2,6-8,nestedness,0.8466654782572749,0.8179208260995371,-0.028744652157737804
2,6-8,spearman,0.865423858165741,0.8367653489112854,-0.028658509254455566
2,6-8,top1_agreement,0.644806392609127,0.6004890562996031,-0.044317336309523836
2,6-8,top_pair_overlap,0.17647058823529413,0.3333333333333333,0.15686274509803919
2,7-8,coactivation_cosine,0.9956145250543212,0.995319186944488,-0.00029533810983328745
2,7-8,nestedness,0.8359131412981858,0.8049781436011904,-0.03093499769699548
2,7-8,spearman,0.8896079659461975,0.8602409362792969,-0.029367029666900635
2,7-8,top1_agreement,0.6888253348214286,0.638885013640873,-0.04994032118055558
2,7-8,top_pair_overlap,0.25,0.25,0.0
