seed,train_k,layer_id,metric_name,same_compute,fixed_step,fixed_minus_same
0,1,0,expert_purity,0.18892609126984128,0.18492683531746032,-0.003999255952380959
0,1,0,mean_pairwise_task_js,0.013921134972988958,0.011788266771573389,-0.0021328682014155696
0,1,0,normalized_mutual_information,0.009167982634704239,0.007758707368224853,-0.001409275266479386
0,1,1,expert_purity,0.19518849206349206,0.20045882936507936,0.005270337301587297
0,1,1,mean_pairwise_task_js,0.01993158979588956,0.020009765005554278,7.817520966471939e-05
0,1,1,normalized_mutual_information,0.01307032780269976,0.013277312138030108,0.00020698433533034716
0,1,2,expert_purity,0.1963045634920635,0.19903273809523808,0.0027281746031745935
0,1,2,mean_pairwise_task_js,0.017321935835602834,0.020239233067596986,0.0029172972319941523
0,1,2,normalized_mutual_information,0.011483986914189783,0.013343159509394261,0.0018591725952044787
0,1,3,expert_purity,0.1954675099206349,0.19924975198412698,0.003782242063492064
0,1,3,mean_pairwise_task_js,0.017930085084451458,0.018917386598603925,0.0009873015141524666
0,1,3,normalized_mutual_information,0.011899643018446997,0.012561148047424054,0.0006615050289770566
0,1,4,expert_purity,0.20238095238095238,0.19810267857142858,-0.004278273809523808
0,1,4,mean_pairwise_task_js,0.02185104072028911,0.01936945607365368,-0.0024815846466354277
0,1,4,normalized_mutual_information,0.014418566115824946,0.012861286903428408,-0.0015572792123965378
0,1,5,expert_purity,0.1954675099206349,0.20262896825396826,0.007161458333333343
0,1,5,mean_pairwise_task_js,0.017939342681133744,0.022524235725036607,0.004584893043902864
0,1,5,normalized_mutual_information,0.011789400027632738,0.01488826868784048,0.003098868660207742
0,1,6,expert_purity,0.19549851190476192,0.21165054563492064,0.01615203373015872
0,1,6,mean_pairwise_task_js,0.016938852837754013,0.026035081713323513,0.0090962288755695
0,1,6,normalized_mutual_information,0.011213121311784978,0.017228912224536045,0.0060157909127510675
0,1,7,expert_purity,0.19782366071428573,0.2158048115079365,0.017981150793650785
0,1,7,mean_pairwise_task_js,0.021144551788194615,0.02980837628530918,0.008663824497114565
0,1,7,normalized_mutual_information,0.014012890620620604,0.02002086739939542,0.006007976778774817
0,2,0,expert_purity,0.18763950892857142,0.1850043402777778,-0.0026351686507936345
0,2,0,mean_pairwise_task_js,0.0126195340524157,0.010783729000050158,-0.0018358050523655418
0,2,0,normalized_mutual_information,0.008361474421836485,0.007185043758634714,-0.0011764306632017704
0,2,1,expert_purity,0.1999937996031746,0.19670758928571427,-0.0032862103174603197
0,2,1,mean_pairwise_task_js,0.017670006618639426,0.017511073131554117,-0.00015893348708530958
0,2,1,normalized_mutual_information,0.011908375972926568,0.011725881707485987,-0.00018249426544058103
0,2,2,expert_purity,0.23001922123015872,0.22254774305555555,-0.007471478174603169
0,2,2,mean_pairwise_task_js,0.03691074591199568,0.031074696824756075,-0.005836049087239607
0,2,2,normalized_mutual_information,0.024970057071078258,0.02110263564690085,-0.003867421424177408
0,2,3,expert_purity,0.2732359871031746,0.2697172619047619,-0.0035187251984126755
0,2,3,mean_pairwise_task_js,0.07902742859150207,0.06904152956733058,-0.00998589902417149
0,2,3,normalized_mutual_information,0.055207405407055085,0.047142301866464134,-0.008065103540590951
0,2,4,expert_purity,0.2864428323412698,0.30009920634920634,0.013656374007936511
0,2,4,mean_pairwise_task_js,0.0871038922148999,0.0955658919283429,0.008461999713442997
0,2,4,normalized_mutual_information,0.06221253156528686,0.06851242810252173,0.006299896537234867
0,2,5,expert_purity,0.29172867063492064,0.28824094742063494,-0.0034877232142856984
0,2,5,mean_pairwise_task_js,0.0869829486387148,0.09373010344051189,0.006747154801797092
0,2,5,normalized_mutual_information,0.06067315909816048,0.06400186188994343,0.0033287027917829545
0,2,6,expert_purity,0.26901971726190477,0.2729104662698413,0.0038907490079365115
0,2,6,mean_pairwise_task_js,0.07523147175713067,0.07642258848998769,0.0011911167328570171
0,2,6,normalized_mutual_information,0.051420380018839834,0.05313960673359763,0.0017192267147577989
0,2,7,expert_purity,0.23493303571428573,0.23955233134920634,0.004619295634920612
0,2,7,mean_pairwise_task_js,0.04632420920386306,0.04880617530389392,0.0024819661000308538
0,2,7,normalized_mutual_information,0.03169987738476076,0.033261131339973805,0.001561253955213046
0,3,0,expert_purity,0.17620494378306878,0.17427248677248677,-0.001932457010582006
0,3,0,mean_pairwise_task_js,0.007527076361253953,0.006793937294069678,-0.0007331390671842745
0,3,0,normalized_mutual_information,0.004976713647471931,0.004492529360098311,-0.00048418428737362004
0,3,1,expert_purity,0.1886677414021164,0.1877170138888889,-0.0009507275132275006
0,3,1,mean_pairwise_task_js,0.013352010401323944,0.012628837973675165,-0.0007231724276487786
0,3,1,normalized_mutual_information,0.008855992142865636,0.008439817343449882,-0.00041617479941575414
0,3,2,expert_purity,0.21494708994708994,0.220744460978836,0.005797371031746046
0,3,2,mean_pairwise_task_js,0.028477878189165244,0.031415096705318564,0.00293721851615332
0,3,2,normalized_mutual_information,0.018986067275871082,0.02099944975981105,0.002013382483939969
0,3,3,expert_purity,0.2668134093915344,0.2721767526455027,0.005363343253968256
0,3,3,mean_pairwise_task_js,0.07085319876512038,0.07507402874264782,0.004220829977527443
0,3,3,normalized_mutual_information,0.04828513665796325,0.051057232219010075,0.0027720955610468223
0,3,4,expert_purity,0.2881117724867725,0.28699570105820105,-0.0011160714285714524
0,3,4,mean_pairwise_task_js,0.08399424374600824,0.08976884618264755,0.005774602436639312
0,3,4,normalized_mutual_information,0.05829608726166973,0.062026068212985,0.0037299809513152704
0,3,5,expert_purity,0.2825107473544973,0.29802207341269843,0.015511326058201103
0,3,5,mean_pairwise_task_js,0.08110473489908164,0.0919540927187515,0.010849357819669864
0,3,5,normalized_mutual_information,0.05630383224959514,0.06529055559635526,0.008986723346760116
0,3,6,expert_purity,0.25965195105820105,0.25991030092592593,0.000258349867724883
0,3,6,mean_pairwise_task_js,0.06284751697721318,0.06518822151716275,0.00234070453994957
0,3,6,normalized_mutual_information,0.04293540233113576,0.04427983447084578,0.001344432139710021
0,3,7,expert_purity,0.22781291335978837,0.22669684193121692,-0.0011160714285714524
0,3,7,mean_pairwise_task_js,0.039512486342968584,0.04008572727458567,0.0005732409316170847
0,3,7,normalized_mutual_information,0.02697521173817736,0.027755203792204336,0.0007799920540269775
0,4,0,expert_purity,0.16780598958333334,0.16780598958333334,0.0
0,4,0,mean_pairwise_task_js,0.004584102064028685,0.004584102064028685,0.0
0,4,0,normalized_mutual_information,0.003024732126827064,0.003024732126827064,0.0
0,4,1,expert_purity,0.1873449900793651,0.1873449900793651,0.0
0,4,1,mean_pairwise_task_js,0.011686137004705624,0.011686137004705624,0.0
0,4,1,normalized_mutual_information,0.007776016820178904,0.007776016820178904,0.0
0,4,2,expert_purity,0.2105034722222222,0.2105034722222222,0.0
0,4,2,mean_pairwise_task_js,0.02690600254192049,0.02690600254192049,0.0
0,4,2,normalized_mutual_information,0.017931762975690248,0.017931762975690248,0.0
0,4,3,expert_purity,0.24233475942460317,0.24233475942460317,0.0
0,4,3,mean_pairwise_task_js,0.050817081186628504,0.050817081186628504,0.0
0,4,3,normalized_mutual_information,0.03423562510185404,0.03423562510185404,0.0
0,4,4,expert_purity,0.26378813244047616,0.26378813244047616,0.0
0,4,4,mean_pairwise_task_js,0.0669078936232082,0.0669078936232082,0.0
0,4,4,normalized_mutual_information,0.04592448356795489,0.04592448356795489,0.0
0,4,5,expert_purity,0.2534024677579365,0.2534024677579365,0.0
0,4,5,mean_pairwise_task_js,0.057403085064376726,0.057403085064376726,0.0
0,4,5,normalized_mutual_information,0.0395894096755898,0.0395894096755898,0.0
0,4,6,expert_purity,0.24298580109126985,0.24298580109126985,0.0
0,4,6,mean_pairwise_task_js,0.05112412714672419,0.05112412714672419,0.0
0,4,6,normalized_mutual_information,0.034258959242763135,0.034258959242763135,0.0
0,4,7,expert_purity,0.22021484375,0.22021484375,0.0
0,4,7,mean_pairwise_task_js,0.03229228407468302,0.03229228407468302,0.0
0,4,7,normalized_mutual_information,0.021783137005967495,0.021783137005967495,0.0
0,5,0,expert_purity,0.1654265873015873,0.16631324404761905,0.0008866567460317498
0,5,0,mean_pairwise_task_js,0.003351709332395377,0.003829721692370866,0.00047801235997548897
0,5,0,normalized_mutual_information,0.0022221475268757594,0.0025302590831478553,0.0003081115562720959
0,5,1,expert_purity,0.18003472222222222,0.18311011904761904,0.0030753968253968145
0,5,1,mean_pairwise_task_js,0.008635975849314392,0.009868236056333317,0.0012322602070189252
0,5,1,normalized_mutual_information,0.005727849887467982,0.006537178655840825,0.0008093287683728426
0,5,2,expert_purity,0.19853670634920634,0.20230654761904762,0.003769841269841284
0,5,2,mean_pairwise_task_js,0.021545460993512806,0.023490899142661992,0.0019454381491491868
0,5,2,normalized_mutual_information,0.014174730478812719,0.015423326212909353,0.001248595734096634
0,5,3,expert_purity,0.23521825396825397,0.2421937003968254,0.006975446428571425
0,5,3,mean_pairwise_task_js,0.04709259701781486,0.05442051800140878,0.007327920983593916
0,5,3,normalized_mutual_information,0.031191685312669096,0.036141023623004864,0.0049493383103357685
0,5,4,expert_purity,0.2658234126984127,0.278156001984127,0.01233258928571429
0,5,4,mean_pairwise_task_js,0.06696367014370587,0.07651142369206798,0.009547753548362112
0,5,4,normalized_mutual_information,0.04514792388250434,0.05203606611945286,0.006888142236948523
0,5,5,expert_purity,0.26333705357142856,0.2530195932539683,-0.01031746031746028
0,5,5,mean_pairwise_task_js,0.06218589419254593,0.06199912861863091,-0.00018676557391501813
0,5,5,normalized_mutual_information,0.04252611180428435,0.04188034718355279,-0.0006457646207315634
0,5,6,expert_purity,0.2474516369047619,0.25771329365079365,0.010261656746031744
0,5,6,mean_pairwise_task_js,0.050945643740896995,0.056611324971957255,0.00566568123106026
0,5,6,normalized_mutual_information,0.034157615820827124,0.03865083128747709,0.0044932154666499635
0,5,7,expert_purity,0.21060267857142856,0.22893725198412698,0.018334573412698424
0,5,7,mean_pairwise_task_js,0.02870317699147425,0.038722586586157536,0.010019409594683285
0,5,7,normalized_mutual_information,0.019097875493858947,0.02658059110160242,0.0074827156077434745
0,6,0,expert_purity,0.16421234292328044,0.16515273644179895,0.0009403935185185175
0,6,0,mean_pairwise_task_js,0.0032066510400895454,0.0032748998357792214,6.824879568967596e-05
0,6,0,normalized_mutual_information,0.002122606126009491,0.002162856065172655,4.024993916316392e-05
0,6,1,expert_purity,0.17733134920634921,0.17820457175925927,0.0008732225529100579
0,6,1,mean_pairwise_task_js,0.006841967650656089,0.00703580588360541,0.0001938382329493213
0,6,1,normalized_mutual_information,0.004553400148069435,0.004671993235406654,0.00011859308733721922
0,6,2,expert_purity,0.19735346395502645,0.20289248511904762,0.005539021164021163
0,6,2,mean_pairwise_task_js,0.020322723042798956,0.020941962282208876,0.0006192392394099196
0,6,2,normalized_mutual_information,0.013377362700984101,0.013851917951062678,0.0004745552500785774
0,6,3,expert_purity,0.23460234788359788,0.23509321263227514,0.0004908647486772666
0,6,3,mean_pairwise_task_js,0.04354688530454186,0.044702027038135195,0.0011551417335933373
0,6,3,normalized_mutual_information,0.02924692984716094,0.029955394213963024,0.0007084643668020842
0,6,4,expert_purity,0.24912161044973544,0.24973648313492064,0.0006148726851852027
0,6,4,mean_pairwise_task_js,0.05614093151744784,0.06043820499624003,0.004297273478792191
0,6,4,normalized_mutual_information,0.03764009310642077,0.04060761075665046,0.0029675176502296924
0,6,5,expert_purity,0.2623026207010582,0.2523148148148148,-0.009987805886243373
0,6,5,mean_pairwise_task_js,0.058970109303041515,0.05809731608071266,-0.0008727932223288534
0,6,5,normalized_mutual_information,0.040568129199380895,0.03962723648504554,-0.0009408927143353535
0,6,6,expert_purity,0.23526372354497355,0.2384517609126984,0.0031880373677248552
0,6,6,mean_pairwise_task_js,0.041323403275041526,0.04655398673087848,0.0052305834558369554
0,6,6,normalized_mutual_information,0.0277703699174714,0.03103038023501951,0.00326001031754811
0,6,7,expert_purity,0.2113043568121693,0.21840381117724866,0.007099454365079361
0,6,7,mean_pairwise_task_js,0.02653880897275102,0.030516284232553037,0.003977475259802018
0,6,7,normalized_mutual_information,0.017877095274455808,0.020694749416565458,0.0028176541421096497
0,7,0,expert_purity,0.16297300170068027,0.1624858276643991,-0.0004871740362811794
0,7,0,mean_pairwise_task_js,0.002634335188123082,0.0023561966433914886,-0.0002781385447315934
0,7,0,normalized_mutual_information,0.001740656444796594,0.0015562440982998071,-0.0001844123464967869
0,7,1,expert_purity,0.1734561011904762,0.17552880527210885,0.0020727040816326536
0,7,1,mean_pairwise_task_js,0.005695768532135536,0.005925561538646363,0.0002297930065108273
0,7,1,normalized_mutual_information,0.0037777893586726052,0.0039455627600757945,0.0001677734014031893
0,7,2,expert_purity,0.18951955782312926,0.1950201955782313,0.005500637755102039
0,7,2,mean_pairwise_task_js,0.01448164703148235,0.016703660576954153,0.0022220135454718033
0,7,2,normalized_mutual_information,0.009531307976221667,0.011059511531821957,0.0015282035556002903
0,7,3,expert_purity,0.21971991921768708,0.22806831065759636,0.008348391439909286
0,7,3,mean_pairwise_task_js,0.034915411101274864,0.03932464413869212,0.004409233037417255
0,7,3,normalized_mutual_information,0.023055131129842928,0.026234863316537415,0.0031797321866944873
0,7,4,expert_purity,0.23848497732426305,0.2428252551020408,0.004340277777777762
0,7,4,mean_pairwise_task_js,0.04778516328531134,0.05359922475758811,0.005814061472276769
0,7,4,normalized_mutual_information,0.03200308878435708,0.03575581737385592,0.0037527285894988424
0,7,5,expert_purity,0.24340100623582767,0.2536183744331066,0.01021736819727892
0,7,5,mean_pairwise_task_js,0.04702000633976798,0.049807318038892996,0.0027873116991250155
0,7,5,normalized_mutual_information,0.03174606670014126,0.03418810920395817,0.0024420425038169102
0,7,6,expert_purity,0.22976013321995464,0.2220672123015873,-0.007692920918367346
0,7,6,mean_pairwise_task_js,0.04289587542722357,0.03737269982948194,-0.005523175597741632
0,7,6,normalized_mutual_information,0.028477354772214726,0.02453594391944349,-0.003941410852771235
0,7,7,expert_purity,0.21502090419501133,0.21082234977324263,-0.0041985544217686965
0,7,7,mean_pairwise_task_js,0.028600898452093924,0.024564038069918866,-0.004036860382175059
0,7,7,normalized_mutual_information,0.01931188510709978,0.01687737304331935,-0.002434512063780432
0,8,0,expert_purity,0.1614040798611111,0.16155908978174602,0.00015500992063491315
0,8,0,mean_pairwise_task_js,0.002203941930629346,0.0021642178327808356,-3.972409784851064e-05
0,8,0,normalized_mutual_information,0.00145830026834516,0.0014328674506567628,-2.5432817688397173e-05
0,8,1,expert_purity,0.1705380394345238,0.17466905381944445,0.004131014384920639
0,8,1,mean_pairwise_task_js,0.0046783710368351805,0.005744153887415744,0.0010657828505805638
0,8,1,normalized_mutual_information,0.003089810930367262,0.0038022408738877227,0.0007124299435204606
0,8,2,expert_purity,0.18102833581349206,0.1888757130456349,0.00784737723214285
0,8,2,mean_pairwise_task_js,0.01034551193454358,0.014423179670708355,0.004077667736164775
0,8,2,normalized_mutual_information,0.006824600302044737,0.009514869958765678,0.002690269656720941
0,8,3,expert_purity,0.21195281498015872,0.21684725322420634,0.004894438244047616
0,8,3,mean_pairwise_task_js,0.027219154496393772,0.03130334898548218,0.0040841944890884045
0,8,3,normalized_mutual_information,0.0180061236708987,0.020801012262393007,0.0027948885914943072
0,8,4,expert_purity,0.2262641059027778,0.23747132316468253,0.01120721726190474
0,8,4,mean_pairwise_task_js,0.035478846069868425,0.04702548888381976,0.011546642813951333
0,8,4,normalized_mutual_information,0.023858130176808504,0.031387584031141516,0.0075294538543330125
0,8,5,expert_purity,0.22538054935515872,0.2331969246031746,0.007816375248015872
0,8,5,mean_pairwise_task_js,0.03492822795085024,0.04043400044244116,0.00550577249159092
0,8,5,normalized_mutual_information,0.023486719943819557,0.027315859072803386,0.0038291391289838293
0,8,6,expert_purity,0.21552579365079366,0.21960642981150794,0.004080636160714274
0,8,6,mean_pairwise_task_js,0.02905740358873286,0.033598202315900105,0.004540798727167245
0,8,6,normalized_mutual_information,0.019198930805354116,0.02220652036535112,0.003007589559997005
0,8,7,expert_purity,0.1931888640873016,0.19988141741071427,0.0066925533234126755
0,8,7,mean_pairwise_task_js,0.019997150628616706,0.021774363443896026,0.00177721281527932
0,8,7,normalized_mutual_information,0.013441802830264473,0.01448737410027544,0.001045571270010967
1,1,0,expert_purity,0.19751364087301587,0.19419642857142858,-0.0033172123015872967
1,1,0,mean_pairwise_task_js,0.016603374756927587,0.01561260716376787,-0.0009907675931597176
1,1,0,normalized_mutual_information,0.011040696985473912,0.010281318519837686,-0.0007593784656362255
1,1,1,expert_purity,0.1970486111111111,0.19404141865079366,-0.0030071924603174427
1,1,1,mean_pairwise_task_js,0.017999965029250636,0.01656134271128883,-0.0014386223179618067
1,1,1,normalized_mutual_information,0.011896750188283076,0.010924539255399662,-0.000972210932883414
1,1,2,expert_purity,0.2002108134920635,0.2037140376984127,0.0035032242063492147
1,1,2,mean_pairwise_task_js,0.02012594617626777,0.0194859589361074,-0.0006399872401603689
1,1,2,normalized_mutual_information,0.013346272664046477,0.012943418337410433,-0.00040285432663604397
1,1,3,expert_purity,0.19738963293650794,0.1909722222222222,-0.006417410714285726
1,1,3,mean_pairwise_task_js,0.017725367417771372,0.01720223719249599,-0.0005231302252753818
1,1,3,normalized_mutual_information,0.01183252374386757,0.011255174976629643,-0.0005773487672379261
1,1,4,expert_purity,0.19766865079365079,0.1968936011904762,-0.0007750496031745935
1,1,4,mean_pairwise_task_js,0.02099238173202464,0.020893562851259834,-9.881888076480536e-05
1,1,4,normalized_mutual_information,0.013885991457613597,0.013776073337346883,-0.00010991812026671377
1,1,5,expert_purity,0.19990079365079366,0.20129588293650794,0.0013950892857142738
1,1,5,mean_pairwise_task_js,0.020610075116223897,0.023611752727092313,0.003001677610868416
1,1,5,normalized_mutual_information,0.01368245316099769,0.01553257910682812,0.0018501259458304307
1,1,6,expert_purity,0.1896081349206349,0.2076202876984127,0.01801215277777779
1,1,6,mean_pairwise_task_js,0.01787197514496488,0.025378894022555432,0.007506918877590554
1,1,6,normalized_mutual_information,0.01163873193175113,0.016869509140238326,0.005230777208487195
1,1,7,expert_purity,0.1954675099206349,0.20399305555555555,0.00852554563492064
1,1,7,mean_pairwise_task_js,0.017067178262649047,0.023921328620500518,0.0068541503578514705
1,1,7,normalized_mutual_information,0.011447335091988224,0.01603807994799779,0.004590744856009568
1,2,0,expert_purity,0.18230716765873015,0.17798239087301587,-0.004324776785714274
1,2,0,mean_pairwise_task_js,0.01012257040987291,0.0082802702106109,-0.0018423001992620112
1,2,0,normalized_mutual_information,0.006704308046549197,0.005507711145308776,-0.0011965969012404211
1,2,1,expert_purity,0.19897073412698413,0.19312686011904762,-0.0058438740079365115
1,2,1,mean_pairwise_task_js,0.020235476505032348,0.01793415495295424,-0.0023013215520781075
1,2,1,normalized_mutual_information,0.013407404164181977,0.011828886489990496,-0.0015785176741914802
1,2,2,expert_purity,0.2175564236111111,0.22530691964285715,0.007750496031746046
1,2,2,mean_pairwise_task_js,0.03562631276385714,0.037473982160088556,0.001847669396231419
1,2,2,normalized_mutual_information,0.023769043796083224,0.0250590883531452,0.001290044557061977
1,2,3,expert_purity,0.2636873759920635,0.25427827380952384,-0.009409102182539653
1,2,3,mean_pairwise_task_js,0.06695048275738931,0.06386137549795919,-0.003089107259430124
1,2,3,normalized_mutual_information,0.04536895882037563,0.04239518785469623,-0.002973770965679398
1,2,4,expert_purity,0.2815600198412698,0.2918061755952381,0.010246155753968256
1,2,4,mean_pairwise_task_js,0.0812091959258536,0.09092179356785077,0.009712597641997167
1,2,4,normalized_mutual_information,0.0565215703939574,0.06342629409333318,0.006904723699375781
1,2,5,expert_purity,0.27160838293650796,0.28087797619047616,0.0092695932539682
1,2,5,mean_pairwise_task_js,0.07744246367932839,0.0793834735422951,0.0019410098629667055
1,2,5,normalized_mutual_information,0.05406582532565707,0.05527334510404993,0.0012075197783928612
1,2,6,expert_purity,0.2726624503968254,0.2755766369047619,0.0029141865079365115
1,2,6,mean_pairwise_task_js,0.07343210189069155,0.08512479849097693,0.01169269660028538
1,2,6,normalized_mutual_information,0.05191863452891376,0.059843219606994076,0.007924585078080318
1,2,7,expert_purity,0.21949404761904762,0.22648499503968253,0.006990947420634913
1,2,7,mean_pairwise_task_js,0.04095720839928044,0.040197867290804504,-0.0007593411084759333
1,2,7,normalized_mutual_information,0.027390253862388428,0.02717764489612277,-0.0002126089662656573
1,3,0,expert_purity,0.17602926587301587,0.17484085648148148,-0.0011884093915343896
1,3,0,mean_pairwise_task_js,0.006648196724802079,0.005950186290189737,-0.0006980104346123416
1,3,0,normalized_mutual_information,0.00442042507754041,0.003956442456506639,-0.0004639826210337712
1,3,1,expert_purity,0.19098255621693122,0.19227430555555555,0.0012917493386243317
1,3,1,mean_pairwise_task_js,0.013913856818003825,0.014161065378037244,0.00024720856003341944
1,3,1,normalized_mutual_information,0.009231634866443,0.0093845953855563,0.00015296051911329982
1,3,2,expert_purity,0.21694155092592593,0.2158461474867725,-0.0010954034391534306
1,3,2,mean_pairwise_task_js,0.030574144036957643,0.027726768531383388,-0.0028473755055742553
1,3,2,normalized_mutual_information,0.02040373115054631,0.018654636315660618,-0.0017490948348856915
1,3,3,expert_purity,0.24244584986772486,0.23620411706349206,-0.006241732804232791
1,3,3,mean_pairwise_task_js,0.05835244357361063,0.05543525023000112,-0.0029171933436095074
1,3,3,normalized_mutual_information,0.038794900396116404,0.03667622705358932,-0.0021186733425270846
1,3,4,expert_purity,0.2959036044973545,0.2827277612433862,-0.013175843253968256
1,3,4,mean_pairwise_task_js,0.09751892310238447,0.09083081478150827,-0.006688108320876199
1,3,4,normalized_mutual_information,0.06785628367683745,0.06304567028075142,-0.00481061339608603
1,3,5,expert_purity,0.2777364417989418,0.27607266865079366,-0.00166377314814814
1,3,5,mean_pairwise_task_js,0.08777857850084533,0.08172650113604274,-0.006052077364802594
1,3,5,normalized_mutual_information,0.06038553375125169,0.05721716268109177,-0.0031683710701599227
1,3,6,expert_purity,0.2722594246031746,0.2644882605820106,-0.007771164021164012
1,3,6,mean_pairwise_task_js,0.08104998527079536,0.07395762826945684,-0.00709235700133852
1,3,6,normalized_mutual_information,0.05519847694631802,0.050875842961649285,-0.004322633984668735
1,3,7,expert_purity,0.22781291335978837,0.21903935185185186,-0.008773561507936511
1,3,7,mean_pairwise_task_js,0.04327752412023456,0.036899324870485216,-0.006378199249749347
1,3,7,normalized_mutual_information,0.02914634420177262,0.024614704879753493,-0.004531639322019127
1,4,0,expert_purity,0.17254154265873015,0.17254154265873015,0.0
1,4,0,mean_pairwise_task_js,0.005444360724805143,0.005444360724805143,0.0
1,4,0,normalized_mutual_information,0.003609099382837331,0.003609099382837331,0.0
1,4,1,expert_purity,0.1827179439484127,0.1827179439484127,0.0
1,4,1,mean_pairwise_task_js,0.01045938535486467,0.01045938535486467,0.0
1,4,1,normalized_mutual_information,0.006896040713793437,0.006896040713793437,0.0
1,4,2,expert_purity,0.21595207093253968,0.21595207093253968,0.0
1,4,2,mean_pairwise_task_js,0.029435934690293847,0.029435934690293847,0.0
1,4,2,normalized_mutual_information,0.01958611435487702,0.01958611435487702,0.0
1,4,3,expert_purity,0.2335534474206349,0.2335534474206349,0.0
1,4,3,mean_pairwise_task_js,0.04641797506919018,0.04641797506919018,0.0
1,4,3,normalized_mutual_information,0.030685223043258367,0.030685223043258367,0.0
1,4,4,expert_purity,0.2652219742063492,0.2652219742063492,0.0
1,4,4,mean_pairwise_task_js,0.07491633168170755,0.07491633168170755,0.0
1,4,4,normalized_mutual_information,0.05090581106343166,0.05090581106343166,0.0
1,4,5,expert_purity,0.2530149429563492,0.2530149429563492,0.0
1,4,5,mean_pairwise_task_js,0.06757471365621331,0.06757471365621331,0.0
1,4,5,normalized_mutual_information,0.0453397357969526,0.0453397357969526,0.0
1,4,6,expert_purity,0.25732421875,0.25732421875,0.0
1,4,6,mean_pairwise_task_js,0.0666854476875185,0.0666854476875185,0.0
1,4,6,normalized_mutual_information,0.04549569463434683,0.04549569463434683,0.0
1,4,7,expert_purity,0.2096741691468254,0.2096741691468254,0.0
1,4,7,mean_pairwise_task_js,0.02899148046027716,0.02899148046027716,0.0
1,4,7,normalized_mutual_information,0.019339457639583075,0.019339457639583075,0.0
1,5,0,expert_purity,0.16687127976190477,0.16826636904761905,0.0013950892857142738
1,5,0,mean_pairwise_task_js,0.003690915170185393,0.004148482633182778,0.0004575674629973851
1,5,0,normalized_mutual_information,0.0024440899173547087,0.0027453095168242956,0.00030121959946958696
1,5,1,expert_purity,0.1781436011904762,0.17857762896825397,0.00043402777777776236
1,5,1,mean_pairwise_task_js,0.007928522955679113,0.008264178411846393,0.00033565545616727997
1,5,1,normalized_mutual_information,0.005230908527090832,0.005451263189502805,0.00022035466241197323
1,5,2,expert_purity,0.20381324404761905,0.2044704861111111,0.0006572420634920473
1,5,2,mean_pairwise_task_js,0.020537403918262937,0.020040177240589818,-0.0004972266776731189
1,5,2,normalized_mutual_information,0.013645002579457414,0.01336829835678992,-0.0002767042226674947
1,5,3,expert_purity,0.21905381944444444,0.22039310515873015,0.0013392857142857095
1,5,3,mean_pairwise_task_js,0.032668381865117745,0.03271442624503931,4.604437992156846e-05
1,5,3,normalized_mutual_information,0.021734096068731158,0.0216373184752824,-9.677759344875816e-05
1,5,4,expert_purity,0.24879092261904762,0.2513206845238095,0.0025297619047618958
1,5,4,mean_pairwise_task_js,0.06430705302275926,0.06161424701824824,-0.0026928060045110155
1,5,4,normalized_mutual_information,0.042889689200152584,0.04124532279827415,-0.0016443664018784346
1,5,5,expert_purity,0.2639074900793651,0.2569816468253968,-0.006925843253968278
1,5,5,mean_pairwise_task_js,0.07012485247411991,0.06193082225947459,-0.00819403021464532
1,5,5,normalized_mutual_information,0.04805321915703549,0.0418182968951889,-0.00623492226184659
1,5,6,expert_purity,0.26187375992063494,0.24384300595238095,-0.018030753968253987
1,5,6,mean_pairwise_task_js,0.06360481551478776,0.05236052363269902,-0.011244291882088746
1,5,6,normalized_mutual_information,0.043792415125755664,0.03554704761178733,-0.008245367513968337
1,5,7,expert_purity,0.203937251984127,0.2089471726190476,0.005009920634920617
1,5,7,mean_pairwise_task_js,0.023025646783910777,0.02323823926283923,0.00021259247892845348
1,5,7,normalized_mutual_information,0.01567448078010992,0.015895024477475008,0.00022054369736508941
1,6,0,expert_purity,0.16450169477513227,0.1656332671957672,0.001131572420634941
1,6,0,mean_pairwise_task_js,0.002833520967228224,0.0031554824437900575,0.00032196147656183335
1,6,0,normalized_mutual_information,0.0018801322353758673,0.0020925517777925407,0.00021241954241667336
1,6,1,expert_purity,0.17645295965608465,0.17922247023809523,0.0027695105820105814
1,6,1,mean_pairwise_task_js,0.007058814207749743,0.008050741355476681,0.0009919271477269384
1,6,1,normalized_mutual_information,0.004664496644018977,0.00531394869710361,0.0006494520530846331
1,6,2,expert_purity,0.196268394510582,0.20309399801587302,0.006825603505291017
1,6,2,mean_pairwise_task_js,0.014785500590390648,0.01980214667026079,0.005016646079870143
1,6,2,normalized_mutual_information,0.00983686356317927,0.013164691443790453,0.003327827880611183
1,6,3,expert_purity,0.21003327546296297,0.2174065806878307,0.007373305224867732
1,6,3,mean_pairwise_task_js,0.027384786481450284,0.0332514109244112,0.005866624442960919
1,6,3,normalized_mutual_information,0.01811687653954788,0.022042046073181287,0.0039251695336334075
1,6,4,expert_purity,0.237325355489418,0.24463148974867724,0.007306134259259245
1,6,4,mean_pairwise_task_js,0.050004154837618525,0.05757974787653096,0.007575593038912434
1,6,4,normalized_mutual_information,0.03339789902703372,0.03810105672868196,0.004703157701648246
1,6,5,expert_purity,0.24880125661375663,0.24271970072751323,-0.0060815558862434005
1,6,5,mean_pairwise_task_js,0.05657780540675601,0.05681109661790965,0.00023329121115363977
1,6,5,normalized_mutual_information,0.03864407259446835,0.03803631967393766,-0.0006077529205306895
1,6,6,expert_purity,0.24525152943121692,0.238260582010582,-0.006990947420634913
1,6,6,mean_pairwise_task_js,0.055153628416680804,0.046127792859861474,-0.00902583555681933
1,6,6,normalized_mutual_information,0.037659789814693374,0.03109552048031251,-0.006564269334380864
1,6,7,expert_purity,0.2072017609126984,0.2068297371031746,-0.0003720238095238082
1,6,7,mean_pairwise_task_js,0.021887806285054406,0.021339025757016784,-0.0005487805280376228
1,6,7,normalized_mutual_information,0.014682119296821497,0.014501781614726006,-0.00018033768209549036
1,7,0,expert_purity,0.16032454648526076,0.16239725056689341,0.0020727040816326536
1,7,0,mean_pairwise_task_js,0.002203106662357463,0.0023836203788300835,0.00018051371647262058
1,7,0,normalized_mutual_information,0.0014542536358826354,0.0015751679515194341,0.00012091431563679878
1,7,1,expert_purity,0.17056848781179137,0.1739831349206349,0.003414647108843538
1,7,1,mean_pairwise_task_js,0.004749869884002597,0.006355059977886682,0.0016051900938840848
1,7,1,normalized_mutual_information,0.0031410107664555796,0.004188432254068906,0.0010474214876133267
1,7,2,expert_purity,0.19139739229024944,0.1960122590702948,0.004614866780045357
1,7,2,mean_pairwise_task_js,0.013611063593427616,0.015269618427270629,0.0016585548338430133
1,7,2,normalized_mutual_information,0.009015353693961958,0.010127552963291181,0.0011121992693292233
1,7,3,expert_purity,0.2086389243197279,0.21353723781179137,0.0048983134920634885
1,7,3,mean_pairwise_task_js,0.023787679359941284,0.0257407223166722,0.0019530429567309153
1,7,3,normalized_mutual_information,0.015678703494848914,0.01712625509208214,0.0014475515972332265
1,7,4,expert_purity,0.2269389526643991,0.23211628401360543,0.005177331349206338
1,7,4,mean_pairwise_task_js,0.04535036583257154,0.04793411596768273,0.002583750135111189
1,7,4,normalized_mutual_information,0.029586737599992943,0.03153454123148871,0.0019478036314957668
1,7,5,expert_purity,0.23107107426303855,0.2328204719387755,0.0017493976757369523
1,7,5,mean_pairwise_task_js,0.040838207964404884,0.04451626159225785,0.0036780536278529646
1,7,5,normalized_mutual_information,0.02732777086494523,0.029808050474975967,0.002480279610030736
1,7,6,expert_purity,0.22555714994331066,0.22946339994331066,0.00390625
1,7,6,mean_pairwise_task_js,0.03765104509997169,0.03792703649526807,0.00027599139529637523
1,7,6,normalized_mutual_information,0.02573728724603434,0.025498702843010066,-0.0002385844030242737
1,7,7,expert_purity,0.19676516439909297,0.194781037414966,-0.001984126984126977
1,7,7,mean_pairwise_task_js,0.01661117339651353,0.014922497802820374,-0.001688675593693156
1,7,7,normalized_mutual_information,0.011489042893858017,0.010250128582763057,-0.0012389143110949595
1,8,0,expert_purity,0.15944707961309523,0.16046626984126985,0.0010191902281746212
1,8,0,mean_pairwise_task_js,0.0019477714326320865,0.0021225541998697996,0.0001747827672377131
1,8,0,normalized_mutual_information,0.0012839549450870229,0.0014003776608205105,0.00011642271573348759
1,8,1,expert_purity,0.16884068080357142,0.17146422371031747,0.002623542906746046
1,8,1,mean_pairwise_task_js,0.004224218275963512,0.005109741969870086,0.0008855236939065746
1,8,1,normalized_mutual_information,0.0027969420254612626,0.0033748409235671373,0.0005778988981058747
1,8,2,expert_purity,0.18836418030753968,0.19488622271825398,0.006522042410714302
1,8,2,mean_pairwise_task_js,0.011186427195588974,0.014082714112690726,0.002896286917101752
1,8,2,normalized_mutual_information,0.0074420011430062355,0.009373088280259014,0.0019310871372527783
1,8,3,expert_purity,0.20111374627976192,0.21241396949404762,0.011300223214285698
1,8,3,mean_pairwise_task_js,0.019551687023810722,0.02436990048810015,0.004818213464289428
1,8,3,normalized_mutual_information,0.012967874478242653,0.01618083102103955,0.003212956542796899
1,8,4,expert_purity,0.2218501984126984,0.2262447296626984,0.00439453125
1,8,4,mean_pairwise_task_js,0.04080579958631403,0.04455852152205888,0.00375272193574485
1,8,4,normalized_mutual_information,0.02679856218697735,0.029249165564358276,0.0024506033773809242
1,8,5,expert_purity,0.22723291790674602,0.22909691220238096,0.001863994295634941
1,8,5,mean_pairwise_task_js,0.035294224211461334,0.03772577654292435,0.0024315523314630133
1,8,5,normalized_mutual_information,0.023820998702944362,0.02554159559838355,0.0017205968954391894
1,8,6,expert_purity,0.21739753844246032,0.2163822234623016,-0.0010153149801587213
1,8,6,mean_pairwise_task_js,0.03509878102135752,0.03363608219859011,-0.001462698822767415
1,8,6,normalized_mutual_information,0.023581678666750615,0.022291406068775194,-0.0012902725979754212
1,8,7,expert_purity,0.1981685577876984,0.19320824032738096,-0.004960317460317443
1,8,7,mean_pairwise_task_js,0.01728207614937874,0.014271559914291071,-0.0030105162350876676
1,8,7,normalized_mutual_information,0.011862284106172495,0.009637717532753387,-0.002224566573419108
2,1,0,expert_purity,0.19593253968253968,0.19345238095238096,-0.0024801587301587213
2,1,0,mean_pairwise_task_js,0.016562493801979078,0.015894247060210163,-0.0006682467417689145
2,1,0,normalized_mutual_information,0.011049010871451173,0.010418890957147499,-0.0006301199143036746
2,1,1,expert_purity,0.19993179563492064,0.19773065476190477,-0.002201140873015872
2,1,1,mean_pairwise_task_js,0.0168285623618894,0.017826590396808357,0.0009980280349189581
2,1,1,normalized_mutual_information,0.011297685645225923,0.011775096217516061,0.0004774105722901382
2,1,2,expert_purity,0.1982576884920635,0.20076884920634921,0.002511160714285726
2,1,2,mean_pairwise_task_js,0.01861761386807321,0.020754426124714846,0.002136812256641637
2,1,2,normalized_mutual_information,0.01241422221610247,0.013757011645886167,0.001342789429783697
2,1,3,expert_purity,0.19788566468253968,0.2019779265873016,0.004092261904761918
2,1,3,mean_pairwise_task_js,0.017011917069954398,0.024464730243372215,0.007452813173417817
2,1,3,normalized_mutual_information,0.011384078358035708,0.01607723736215977,0.004693159004124061
2,1,4,expert_purity,0.1964905753968254,0.19940476190476192,0.0029141865079365115
2,1,4,mean_pairwise_task_js,0.020258844956872017,0.017499392522223902,-0.002759452434648115
2,1,4,normalized_mutual_information,0.013289109749463943,0.011663740606503131,-0.0016253691429608114
2,1,5,expert_purity,0.19459945436507936,0.20086185515873015,0.006262400793650785
2,1,5,mean_pairwise_task_js,0.019576239028729157,0.019846542603837867,0.00027030357510871017
2,1,5,normalized_mutual_information,0.012908450052557086,0.013272053933443112,0.0003636038808860261
2,1,6,expert_purity,0.19655257936507936,0.20582217261904762,0.009269593253968256
2,1,6,mean_pairwise_task_js,0.02009724982487137,0.02324817951114369,0.0031509296862723205
2,1,6,normalized_mutual_information,0.013147741107700402,0.015339780717090972,0.002192039609390571
2,1,7,expert_purity,0.1959015376984127,0.2060701884920635,0.010168650793650785
2,1,7,mean_pairwise_task_js,0.019286474221582323,0.02305260373864503,0.003766129517062705
2,1,7,normalized_mutual_information,0.012814066315660164,0.015362698833177521,0.0025486325175173574
2,2,0,expert_purity,0.19002666170634921,0.18714347718253968,-0.0028831845238095344
2,2,0,mean_pairwise_task_js,0.01234423499615653,0.0114210487421919,-0.00092318625396463
2,2,0,normalized_mutual_information,0.008233400830118828,0.007618852653647987,-0.0006145481764708409
2,2,1,expert_purity,0.20259796626984128,0.20196242559523808,-0.0006355406746031966
2,2,1,mean_pairwise_task_js,0.019085056362691696,0.019555564426845338,0.00047050806415364216
2,2,1,normalized_mutual_information,0.01282723816586781,0.013161309007295697,0.00033407084142788625
2,2,2,expert_purity,0.22828311011904762,0.21572730654761904,-0.012555803571428575
2,2,2,mean_pairwise_task_js,0.04122173101738503,0.03216002366114413,-0.0090617073562409
2,2,2,normalized_mutual_information,0.027707484427577287,0.021573280763027405,-0.006134203664549882
2,2,3,expert_purity,0.2709263392857143,0.27258494543650796,0.0016586061507936622
2,2,3,mean_pairwise_task_js,0.07887839079234774,0.07621795077980974,-0.0026604400125379984
2,2,3,normalized_mutual_information,0.054318750153487895,0.05262638507522869,-0.001692365078259206
2,2,4,expert_purity,0.2847377232142857,0.2855437748015873,0.0008060515873016261
2,2,4,mean_pairwise_task_js,0.09048321405873466,0.09291735648082851,0.0024341424220938462
2,2,4,normalized_mutual_information,0.06354454634973696,0.06511240774774885,0.001567861398011891
2,2,5,expert_purity,0.26706659226190477,0.28013392857142855,0.01306733630952378
2,2,5,mean_pairwise_task_js,0.07843799206843322,0.08160944553794547,0.003171453469512253
2,2,5,normalized_mutual_information,0.0534558519153498,0.057050683904310326,0.0035948319889605243
2,2,6,expert_purity,0.25404575892857145,0.2628968253968254,0.008851066468253954
2,2,6,mean_pairwise_task_js,0.06614589255364252,0.08226086790576329,0.016114975352120767
2,2,6,normalized_mutual_information,0.045442203723169636,0.05663681754039983,0.011194613817230192
2,2,7,expert_purity,0.23130580357142858,0.2476748511904762,0.016369047619047616
2,2,7,mean_pairwise_task_js,0.039569792412842635,0.0554545676373101,0.015884775224467462
2,2,7,normalized_mutual_information,0.02694315339086186,0.038043680839042054,0.011100527448180193
2,3,0,expert_purity,0.1769696593915344,0.17829241071428573,0.0013227513227513366
2,3,0,mean_pairwise_task_js,0.007142201801875884,0.0068927712227756,-0.00024943057910028436
2,3,0,normalized_mutual_information,0.004727444278949221,0.0045920036431424446,-0.0001354406358067767
2,3,1,expert_purity,0.19087921626984128,0.19267733134920634,0.001798115079365059
2,3,1,mean_pairwise_task_js,0.013628954939135721,0.014593083418195974,0.0009641284790602531
2,3,1,normalized_mutual_information,0.009130928527797826,0.00975579742463792,0.0006248688968400942
2,3,2,expert_purity,0.21342799272486773,0.21607349537037038,0.0026455026455026454
2,3,2,mean_pairwise_task_js,0.030062232069680533,0.03177055071102873,0.0017083186413481971
2,3,2,normalized_mutual_information,0.01996788066442002,0.02131114697615855,0.00134326631173853
2,3,3,expert_purity,0.2635375330687831,0.2707919973544973,0.007254464285714246
2,3,3,mean_pairwise_task_js,0.06833487802770509,0.07467218380788206,0.006337305780176966
2,3,3,normalized_mutual_information,0.04714236047194325,0.052301489237291984,0.005159128765348735
2,3,4,expert_purity,0.2916356646825397,0.29035424933862436,-0.0012814153439153486
2,3,4,mean_pairwise_task_js,0.0848002098402024,0.0859584563966461,0.0011582465564436983
2,3,4,normalized_mutual_information,0.059643366753085486,0.060682801645204835,0.0010394348921193494
2,3,5,expert_purity,0.29758804563492064,0.2939608134920635,-0.003627232142857151
2,3,5,mean_pairwise_task_js,0.09809018537100607,0.08910168969459589,-0.008988495676410177
2,3,5,normalized_mutual_information,0.06862733684928927,0.062208349938917724,-0.0064189869103715505
2,3,6,expert_purity,0.25735780423280424,0.2552806712962963,-0.002077132936507964
2,3,6,mean_pairwise_task_js,0.06345847442712993,0.06015589454777557,-0.00330257987935436
2,3,6,normalized_mutual_information,0.043453218608576476,0.04095065839217564,-0.0025025602164008356
2,3,7,expert_purity,0.23157448743386244,0.2306650958994709,-0.0009093915343915404
2,3,7,mean_pairwise_task_js,0.042981152261415065,0.04413811612501447,0.0011569638635994042
2,3,7,normalized_mutual_information,0.02907505841190244,0.029167095914014028,9.203750211158809e-05
2,4,0,expert_purity,0.17016214037698413,0.17016214037698413,0.0
2,4,0,mean_pairwise_task_js,0.005259374248389449,0.005259374248389449,0.0
2,4,0,normalized_mutual_information,0.0034799025806871694,0.0034799025806871694,0.0
2,4,1,expert_purity,0.18806578621031747,0.18806578621031747,0.0
2,4,1,mean_pairwise_task_js,0.010495006011815043,0.010495006011815043,0.0
2,4,1,normalized_mutual_information,0.0070488382699278075,0.0070488382699278075,0.0
2,4,2,expert_purity,0.2062562003968254,0.2062562003968254,0.0
2,4,2,mean_pairwise_task_js,0.027512978905050882,0.027512978905050882,0.0
2,4,2,normalized_mutual_information,0.018129029247328957,0.018129029247328957,0.0
2,4,3,expert_purity,0.2558206225198413,0.2558206225198413,0.0
2,4,3,mean_pairwise_task_js,0.06085388222987734,0.06085388222987734,0.0
2,4,3,normalized_mutual_information,0.04139869177695082,0.04139869177695082,0.0
2,4,4,expert_purity,0.29415457589285715,0.29415457589285715,0.0
2,4,4,mean_pairwise_task_js,0.0867480593384896,0.0867480593384896,0.0
2,4,4,normalized_mutual_information,0.06082142685475712,0.06082142685475712,0.0
2,4,5,expert_purity,0.27380952380952384,0.27380952380952384,0.0
2,4,5,mean_pairwise_task_js,0.08639543677068924,0.08639543677068924,0.0
2,4,5,normalized_mutual_information,0.058787977044809626,0.058787977044809626,0.0
2,4,6,expert_purity,0.25413101438492064,0.25413101438492064,0.0
2,4,6,mean_pairwise_task_js,0.062102012410999136,0.062102012410999136,0.0
2,4,6,normalized_mutual_information,0.04156537782347372,0.04156537782347372,0.0
2,4,7,expert_purity,0.2257021949404762,0.2257021949404762,0.0
2,4,7,mean_pairwise_task_js,0.03523515938664318,0.03523515938664318,0.0
2,4,7,normalized_mutual_information,0.023695538765254338,0.023695538765254338,0.0
2,5,0,expert_purity,0.16908482142857142,0.16882440476190477,-0.00026041666666665186
2,5,0,mean_pairwise_task_js,0.004195207830605062,0.004379136723511583,0.00018392889290652116
2,5,0,normalized_mutual_information,0.0027772904994334065,0.002898676364836118,0.00012138586540271163
2,5,1,expert_purity,0.182452876984127,0.18428819444444444,0.0018353174603174538
2,5,1,mean_pairwise_task_js,0.009168795645044074,0.009800582066707367,0.0006317864216632933
2,5,1,normalized_mutual_information,0.006103225341395859,0.006554604436208078,0.00045137909481221886
2,5,2,expert_purity,0.19544270833333333,0.19770585317460318,0.002263144841269854
2,5,2,mean_pairwise_task_js,0.019163053755400672,0.021457374267871768,0.002294320512471096
2,5,2,normalized_mutual_information,0.012630194323493256,0.01417888925476232,0.001548694931269065
2,5,3,expert_purity,0.2349454365079365,0.23545386904761906,0.0005084325396825518
2,5,3,mean_pairwise_task_js,0.04489445981974009,0.048555505166951445,0.0036610453472113516
2,5,3,normalized_mutual_information,0.030792315007283223,0.03335632976746389,0.002564014760180665
2,5,4,expert_purity,0.26008184523809524,0.26881200396825394,0.0087301587301587
2,5,4,mean_pairwise_task_js,0.05653099751396453,0.06589182432572022,0.009360826811755686
2,5,4,normalized_mutual_information,0.03928185375708802,0.0462775247055996,0.006995670948511577
2,5,5,expert_purity,0.2579613095238095,0.27017609126984127,0.012214781746031744
2,5,5,mean_pairwise_task_js,0.058285165367116205,0.06911817364471536,0.01083300827759915
2,5,5,normalized_mutual_information,0.03985143175295727,0.047538085837481425,0.007686654084524153
2,5,6,expert_purity,0.22961309523809523,0.23624751984126985,0.006634424603174621
2,5,6,mean_pairwise_task_js,0.042529417766293154,0.05255633382506166,0.010026916058768508
2,5,6,normalized_mutual_information,0.028144855584913465,0.03467651903631363,0.006531663451400164
2,5,7,expert_purity,0.20573536706349208,0.20709945436507937,0.0013640873015872967
2,5,7,mean_pairwise_task_js,0.023969385816006532,0.023470482118699454,-0.0004989036973070786
2,5,7,normalized_mutual_information,0.016047464828799665,0.015668399985248486,-0.0003790648435511787
2,6,0,expert_purity,0.16361297123015872,0.16579344411375663,0.002180472883597906
2,6,0,mean_pairwise_task_js,0.0030358403604817193,0.0031626612255069336,0.00012682086502521436
2,6,0,normalized_mutual_information,0.002001003898998511,0.002092416936727625,9.141303772911393e-05
2,6,1,expert_purity,0.17709366732804233,0.1790777943121693,0.001984126984126977
2,6,1,mean_pairwise_task_js,0.0067185202476353675,0.007451768170419664,0.0007332479227842963
2,6,1,normalized_mutual_information,0.004488290550045391,0.004944690706307207,0.000456400156261816
2,6,2,expert_purity,0.19069837136243387,0.19301835317460317,0.0023199818121693028
2,6,2,mean_pairwise_task_js,0.0157049336542672,0.017260383116013835,0.0015554494617466344
2,6,2,normalized_mutual_information,0.01036682136880674,0.011380548959622275,0.0010137275908155344
2,6,3,expert_purity,0.2193390376984127,0.22142133763227514,0.0020822999338624415
2,6,3,mean_pairwise_task_js,0.034096836139708354,0.03491210801980485,0.000815271880096495
2,6,3,normalized_mutual_information,0.02309510115773247,0.023367068223366982,0.00027196706563451314
2,6,4,expert_purity,0.24920944940476192,0.2465071097883598,-0.002702339616402122
2,6,4,mean_pairwise_task_js,0.0476501006889651,0.04768914864832279,3.90479593576909e-05
2,6,4,normalized_mutual_information,0.032735975411103034,0.032896723923685596,0.00016074851258256195
2,6,5,expert_purity,0.24967964616402116,0.2511987433862434,0.0015190972222222099
2,6,5,mean_pairwise_task_js,0.055231300976084426,0.06008491210783097,0.004853611131746545
2,6,5,normalized_mutual_information,0.03754641179658291,0.04069846267132956,0.0031520508747466466
2,6,6,expert_purity,0.22320395171957672,0.24039971891534392,0.01719576719576721
2,6,6,mean_pairwise_task_js,0.03292200866445689,0.044176832065838986,0.011254823401382098
2,6,6,normalized_mutual_information,0.02199446584249266,0.029808510296513883,0.007814044454021223
2,6,7,expert_purity,0.19480096726190477,0.1961185515873016,0.0013175843253968311
2,6,7,mean_pairwise_task_js,0.01600599881709931,0.017704313760418082,0.0016983149433187732
2,6,7,normalized_mutual_information,0.01069125489125401,0.011698705087579952,0.0010074501963259416
2,7,0,expert_purity,0.16159562783446713,0.1625434027777778,0.0009477749433106641
2,7,0,mean_pairwise_task_js,0.002355581208709758,0.0026044596166029505,0.00024887840789319243
2,7,0,normalized_mutual_information,0.0015555004357780135,0.0017166765267130728,0.00016117609093505925
2,7,1,expert_purity,0.1725969033446712,0.17348710317460317,0.0008901998299319647
2,7,1,mean_pairwise_task_js,0.005451742022703132,0.005529002171419177,7.726014871604556e-05
2,7,1,normalized_mutual_information,0.003631150556778353,0.0036776461438357303,4.649558705737723e-05
2,7,2,expert_purity,0.18466996173469388,0.19113166099773243,0.006461699263038551
2,7,2,mean_pairwise_task_js,0.012245293912324273,0.015225823379467355,0.002980529467143082
2,7,2,normalized_mutual_information,0.00805910012414528,0.010066004811231127,0.002006904687085847
2,7,3,expert_purity,0.21242559523809523,0.21274447278911565,0.0003188775510204189
2,7,3,mean_pairwise_task_js,0.02573908763412495,0.02674540499552359,0.0010063173613986398
2,7,3,normalized_mutual_information,0.017541964051968298,0.01797950751726486,0.00043754346529656374
2,7,4,expert_purity,0.23016758786848074,0.24034952522675737,0.010181937358276633
2,7,4,mean_pairwise_task_js,0.03593250009244563,0.042400131671658126,0.006467631579212499
2,7,4,normalized_mutual_information,0.024328307049483546,0.028742797657636054,0.004414490608152508
2,7,5,expert_purity,0.23879499716553287,0.24922052154195012,0.01042552437641725
2,7,5,mean_pairwise_task_js,0.04805248136552718,0.05612854418542395,0.00807606281989677
2,7,5,normalized_mutual_information,0.03210798628869138,0.03772743719317579,0.005619450904484409
2,7,6,expert_purity,0.21162840136054423,0.221265589569161,0.009637188208616781
2,7,6,mean_pairwise_task_js,0.024130998530030433,0.031917105396002954,0.00778610686597252
2,7,6,normalized_mutual_information,0.016232804642731292,0.0209654458850246,0.00473264124229331
2,7,7,expert_purity,0.19080835459183673,0.19843041383219956,0.007622059240362827
2,7,7,mean_pairwise_task_js,0.014365072307187437,0.017676339634969132,0.0033112673277816956
2,7,7,normalized_mutual_information,0.009638314515301465,0.011917902659119422,0.0022795881438179566
2,8,0,expert_purity,0.16262865823412698,0.16102043030753968,-0.0016082279265872967
2,8,0,mean_pairwise_task_js,0.0023832264937577847,0.002335837484072884,-4.738900968490056e-05
2,8,0,normalized_mutual_information,0.001577004424126439,0.00154091809797598,-3.6086326150458915e-05
2,8,1,expert_purity,0.16999162946428573,0.17343284970238096,0.003441220238095233
2,8,1,mean_pairwise_task_js,0.0044862967476554565,0.005753970999758348,0.0012676742521028914
2,8,1,normalized_mutual_information,0.002993418530928748,0.0038203606613328583,0.0008269421304041105
2,8,2,expert_purity,0.18296595982142858,0.18915860615079366,0.006192646329365087
2,8,2,mean_pairwise_task_js,0.011862149518489858,0.01569775948684286,0.003835609968353002
2,8,2,normalized_mutual_information,0.007824996515554558,0.010313072328240028,0.0024880758126854703
2,8,3,expert_purity,0.2181183345734127,0.2210363963293651,0.0029180617559523836
2,8,3,mean_pairwise_task_js,0.028371442324095143,0.02985678097936694,0.0014853386552717979
2,8,3,normalized_mutual_information,0.01917932055935375,0.020008075243290777,0.0008287546839370261
2,8,4,expert_purity,0.23797510540674602,0.24359421502976192,0.0056191096230159
2,8,4,mean_pairwise_task_js,0.043030199476400174,0.04422308485413011,0.0011928853777299353
2,8,4,normalized_mutual_information,0.029577406826707824,0.02997063301718901,0.00039322619048118637
2,8,5,expert_purity,0.23863777281746032,0.2441251240079365,0.005487351190476192
2,8,5,mean_pairwise_task_js,0.04777639646384836,0.05263653089712404,0.004860134433275681
2,8,5,normalized_mutual_information,0.03197533334662479,0.035201076267301595,0.0032257429206768023
2,8,6,expert_purity,0.20931377108134921,0.2219083271329365,0.012594556051587297
2,8,6,mean_pairwise_task_js,0.027092766741438245,0.03073300816171166,0.0036402414202734157
2,8,6,normalized_mutual_information,0.01789868237799289,0.02063612839635978,0.002737446018366889
2,8,7,expert_purity,0.19450257316468253,0.18974376860119047,-0.004758804563492064
2,8,7,mean_pairwise_task_js,0.016580978105329745,0.015228361604097032,-0.0013526165012327125
2,8,7,normalized_mutual_information,0.011025812609811865,0.010242855048878367,-0.0007829575609334984
