pair,layer_id,total_logit_mse,router_contribution,representation_contribution,router_share,representation_share,router_component_mse,representation_component_mse,interaction_mse,mean_abs_decomposition_residual,num_seeds
1-2,0,0.10303781051484366,0.09088972636631558,0.012148088406002712,0.8821931463346289,0.1178068947294519,0.09023578867079719,0.011494151833984586,0.0038348578862727636,8.661854302599315e-13,3
1-2,1,0.18730367176116458,0.08644165051361873,0.10086203094512697,0.461315999730747,0.5386840523284471,0.08085408735842932,0.09527446873604305,0.023951550856942224,2.8872847675331054e-13,3
1-2,2,0.2757684039691138,0.10133690446142167,0.17443150281906128,0.3673577906921719,0.6326422212788778,0.08848662461553301,0.16158122202706715,0.0452759022277499,5.774569535066211e-13,3
1-2,3,0.3727422309300256,0.13964737123913235,0.23309487672079177,0.3745827015115895,0.6254173443384957,0.1173309674338689,0.21077846723889548,0.07065930726036194,7.506940395586075e-13,3
1-2,4,0.42863964277600486,0.15395005165584505,0.27468960720395286,0.35919539070141165,0.6408046463678159,0.12682946617641147,0.2475690245628357,0.08624532582267881,1.2704052977145662e-12,3
1-2,5,0.4554773152820648,0.15833151860842629,0.2971458094460624,0.34764385548079596,0.6523561724043001,0.13178186851834495,0.27059616739787756,0.08794128894805908,7.506940395586075e-13,3
1-2,6,0.45858349875798304,0.16315986760078915,0.2954236448757232,0.3554785398155776,0.6445214904432165,0.14110334051979911,0.27336711353725857,0.08680912875939928,1.2126596023639042e-12,3
1-2,7,0.4296666156677973,0.15579358689368716,0.2738730434387449,0.3621469604144955,0.6378530738197509,0.1329827985120198,0.25106224938044475,0.06590669093623994,6.352026488572831e-13,3
1-3,0,0.09910453643117632,0.08690225510370164,0.01220228401796212,0.8771084887868518,0.1228915383566734,0.08688561831201826,0.01218564956197663,0.004225151066387457,6.929483442079453e-13,3
1-3,1,0.18092554996884058,0.08378095499106815,0.0971446042023008,0.4628031739571903,0.5371968770972972,0.07877791566508156,0.09214156440326145,0.02357981034687587,4.619655628052969e-13,3
1-3,2,0.2714441484875149,0.10115991651065766,0.170284241437912,0.3727104430957669,0.627289591741048,0.08820742061213842,0.15733174104539174,0.04439316477094377,5.774569535066211e-13,3
1-3,3,0.3985172339848109,0.15072986530879187,0.24778738192149571,0.3781960771961557,0.6218039558297472,0.12294750506915743,0.22000502310101946,0.0757116914268524,1.1549139070132421e-12,3
1-3,4,0.4647104588765947,0.16518045039404006,0.29953001415918745,0.35546763602977477,0.6445323761047052,0.1300853807774801,0.2644349412312583,0.09088236732142313,1.2704052977145662e-12,3
1-3,5,0.5169101196622091,0.17676679719062074,0.3401433342979068,0.3419150395544434,0.6580849832445838,0.14057626563405234,0.30395280557965476,0.09532032977967035,1.1549139070132421e-12,3
1-3,6,0.5131214800335112,0.17823172135958595,0.3348897723924546,0.3472615994680924,0.6527384273454232,0.14911893388581654,0.3057769782959469,0.09152362838624016,9.816768209612558e-13,3
1-3,7,0.5131975601589869,0.19071136296741545,0.3224862009759933,0.37133253383654213,0.6286674728105766,0.15603881790524438,0.2878136559138222,0.07567872083376324,1.3858966884158906e-12,3
1-4,0,0.09478829446293058,0.08239655906245823,0.012391735104814408,0.8687707028713222,0.1312292939877487,0.0822983088474425,0.012293485392417225,0.0043214088424094145,5.774569535066211e-13,3
1-4,1,0.17598857103832186,0.08103081087271373,0.09495776324045091,0.46039443047271345,0.5396055874413043,0.07678244322065324,0.09070939180396853,0.023131407087757475,5.774569535066211e-14,3
1-4,2,0.2626889035815284,0.09697459472550285,0.16571431405960568,0.3692815761421135,0.63071844356647,0.0854755107845579,0.15421522988213432,0.04361730033443088,3.4647417210397264e-13,3
1-4,3,0.39263814025455046,0.14921534156042432,0.24342280247854808,0.38012419573314066,0.6198758141258452,0.12167124994217404,0.21587870896808684,0.07511128745381794,6.929483442079453e-13,3
1-4,4,0.4900183583062792,0.17675216330422294,0.31326620824753293,0.3608199203687496,0.6391801070080679,0.13695050705046882,0.27346455010156784,0.09559510553640033,1.0394225163119181e-12,3
1-4,5,0.5205098693332975,0.17666814251551552,0.3438417372249421,0.33962607028213393,0.6603739501008099,0.1403255831627619,0.30749917692608303,0.09839866085657999,8.084397349092695e-13,3
1-4,6,0.535287064219278,0.1864187490372431,0.3488683255891951,0.34805715991775,0.6519428588106475,0.15380268200995428,0.31625226849601384,0.09628976266535501,1.4436423837665527e-12,3
1-4,7,0.5527492553468734,0.20829798683287604,0.34445128081336857,0.37625081518372244,0.6237492064864112,0.16691671051676313,0.3030699992936755,0.08323174998873756,1.2704052977145666e-12,3
1-5,0,0.09381574486929273,0.0823315249549018,0.011484221481378116,0.8775934877761103,0.12240652829054267,0.08285101846097008,0.012003715490064924,0.0043531978532435405,1.7323708605198632e-13,3
1-5,1,0.17047599383762901,0.07896712753507827,0.09150886866781445,0.46291060854934085,0.5370894053174435,0.07618216437006754,0.08872390928722562,0.022707892847912654,4.619655628052969e-13,3
1-5,2,0.259740396151467,0.09782729451618498,0.1619131054197039,0.37663154330992216,0.6233684711155952,0.0868758549765935,0.15096166398790148,0.04229689353988284,4.619655628052969e-13,3
1-5,3,0.3874967325301397,0.149988790826192,0.2375079497458443,0.3871573813533213,0.6128426394036155,0.12340528387872,0.21092443522952853,0.07399577067957984,5.19711258155959e-13,3
1-5,4,0.4722720479208326,0.17201478377221124,0.30025727502883426,0.36434255074294114,0.635657471946726,0.13576580040038577,0.26400828266900683,0.09111492903459639,7.506940395586075e-13,3
1-5,5,0.5344782481117853,0.1912713135991778,0.34320695438082255,0.3581639053652947,0.6418361314830813,0.15195906304177784,0.30389470524258083,0.10204549062819708,9.239311256105937e-13,3
1-5,6,0.5520395135122632,0.20199069806507655,0.3500488249082414,0.3659455692530227,0.63405444789727,0.16626310774258204,0.31432122748995583,0.10176676180627613,1.2704052977145662e-12,3
1-5,7,0.5767519663250635,0.22767746826959034,0.34907451319316074,0.39408597982417204,0.6059140467457614,0.18177367486650983,0.3031707178978693,0.0891189646153223,1.501388079117215e-12,3
1-6,0,0.09373876949151357,0.0825346265993421,0.011204145730487884,0.8803146104836204,0.11968541965120567,0.0833588968666773,0.012028418570047333,0.004448436481493806,5.774569535066211e-13,3
1-6,1,0.17257535031863624,0.08030562930636936,0.09226972526974149,0.46537817927873676,0.5346218455161647,0.07700852079996988,0.08897261392502558,0.023456614287126632,5.774569535066211e-13,3
1-6,2,0.2591568420803736,0.09736388354074388,0.16179296279710434,0.37581561639246286,0.6241843999854347,0.08700228447005863,0.15143136467252458,0.04292870916071392,2.3098278140264843e-13,3
1-6,3,0.38298535536205963,0.1480070872912331,0.23497827847798666,0.38639792366338366,0.6136021036944486,0.12318311560721625,0.21015430537481158,0.07448416025865645,1.501388079117215e-12,3
1-6,4,0.4804379599434989,0.18136772229557943,0.2990702532586597,0.37749152787329754,0.6225085046045263,0.1434695692289443,0.26117209877286635,0.0957338164250056,1.3281509930652285e-12,3
1-6,5,0.5502803382419404,0.2002541148473346,0.3500262404245043,0.3641035190996058,0.6358965116997816,0.15812746068787953,0.30789958106146914,0.1040883840076507,6.929483442079453e-13,3
1-6,6,0.5675501274684118,0.21213399607037742,0.35541614180519465,0.3739169014861621,0.6260831165530023,0.1751965766861325,0.318478716744317,0.10566018545438371,1.3281509930652287e-12,3
1-6,7,0.5796318584018283,0.23848861172085714,0.3411432551959204,0.4114947895242093,0.5885052255136644,0.19238073296017114,0.2950353773813399,0.09317258047679115,1.1549139070132421e-12,3
1-7,0,0.09415062410490853,0.08263496368650405,0.01151566275410236,0.8770508052153305,0.1229492184277969,0.08316492182867867,0.012045623054580082,0.004573086128821449,2.3098278140264843e-13,3
1-7,1,0.17523805820752703,0.08319855942612603,0.0920394966526637,0.4746050515781355,0.5253949363362738,0.08001305801527842,0.08885399618792156,0.02403786364528868,5.774569535066211e-13,3
1-7,2,0.2535502929536123,0.09673151988831778,0.15681878016108558,0.38149197560191533,0.6185080523380824,0.08703955132809897,0.1471268099451822,0.04251533391929808,5.19711258155959e-13,3
1-7,3,0.37221434192051966,0.14584966216768536,0.22636468732167803,0.3916052901481484,0.6083947300688212,0.1231964225806887,0.20371144726162863,0.07180562993836781,1.09716821166258e-12,3
1-7,4,0.48083576323494076,0.180757050476377,0.30007872316572404,0.37594519114416985,0.6240548303450102,0.1448816552994743,0.2642033298810323,0.0961501413867587,1.501388079117215e-12,3
1-7,5,0.5516645605601962,0.20571381610537334,0.3459507633769323,0.3727981894328569,0.627201845067534,0.1631338974786183,0.3033708438040718,0.10565742944914197,4.619655628052969e-13,3
1-7,6,0.5664935944572328,0.2188393984522138,0.3476542054660737,0.3863781340713721,0.6136218825730889,0.1830340850920904,0.3118488845371065,0.10663399620661661,1.559133774467877e-12,3
1-7,7,0.6047656555024404,0.25028968046581934,0.35447598638988675,0.41381056434677355,0.5861894542862894,0.198842948391324,0.30302924958486405,0.09691256284713745,2.4253192047278085e-12,3
1-8,0,0.0964156190554301,0.08501360482639736,0.011402016032546286,0.881389269807258,0.11861074734067623,0.08564353769733794,0.012031950263513459,0.004640541157670437,5.19711258155959e-13,3
1-8,1,0.17548980835884334,0.08424102077408442,0.09124879042307536,0.47967808541933565,0.5203219304545684,0.0806981556945377,0.08770592439742315,0.023831389312233244,4.0421986745463475e-13,3
1-8,2,0.2552009404651702,0.09938296722987343,0.1558179770197187,0.3894280769544702,0.610571937752129,0.08965278239477248,0.146087784615774,0.04244133534412536,6.929483442079453e-13,3
1-8,3,0.38236130797673784,0.15215115414725408,0.23021015856001112,0.3978189506958481,0.6021810623275115,0.12667127781444124,0.2047302770236182,0.0734481629398134,9.816768209612558e-13,3
1-8,4,0.48414430164155503,0.18947610022529723,0.29466821371562896,0.391368560334445,0.608631465038612,0.1506279834679195,0.2558200927007766,0.09508708923582047,1.09716821166258e-12,3
1-8,5,0.5584229514712379,0.21409613177889866,0.344326827261183,0.3835112820171565,0.6164887312988644,0.17068323918751307,0.30091393845421927,0.10609094018027897,9.239311256105937e-13,3
1-8,6,0.5842557994146196,0.23498962228260342,0.3492661979463365,0.4021302847754393,0.5978697507834059,0.19644579906312246,0.3107223737807501,0.11061743091023157,1.3281509930652287e-12,3
1-8,7,0.6140005229011415,0.2684433611612471,0.3455571787697928,0.4370126459793096,0.5629873816561891,0.21507610025860013,0.2921899150288294,0.10054867135153878,1.9056079465718497e-12,3
2-3,0,0.027335992881229943,0.021675640687582987,0.005660352578002309,0.7925078135563686,0.20749220044049824,0.02096826807847099,0.0049529800132390054,0.00012460741443589095,0.0,3
2-3,1,0.0811290755158379,0.024121732347541388,0.05700734470571791,0.29724888147970446,0.7027511377708638,0.019328709750894516,0.0522143223455974,0.0014638020287430474,0.0,3
2-3,2,0.16126327382193673,0.03258979675315675,0.12867348061667547,0.20143959341089782,0.7985604296827086,0.02220129428638352,0.11828497619855971,0.0044038793633854574,0.0,3
2-3,3,0.24316403222462488,0.04130246927813879,0.20186157075185626,0.16993981962804203,0.8300602121991224,0.02641527200975115,0.18697437454783727,0.007821679144861206,5.774569535066211e-14,3
2-3,4,0.3120587203237746,0.05132010839288196,0.2607386131135244,0.16426491290017045,0.8357350913955601,0.032635971312485045,0.242054473786127,0.012670095241259014,5.774569535066211e-14,3
2-3,5,0.37507295703131055,0.05693599558065807,0.3181369664177062,0.15179506614528823,0.8482049471019346,0.03403279918526846,0.29523376718400013,0.01497107223858909,0.0,3
2-3,6,0.41799540557558573,0.0686778508954578,0.3493175705273946,0.1640648789361062,0.8359351591007645,0.04495127002398173,0.3255909794852847,0.020444385943904755,1.7323708605198632e-13,3
2-3,7,0.4281524665771969,0.08828191080736736,0.3398705701979379,0.20537490921481374,0.7946251243500688,0.0649327113041802,0.3165213617067488,0.023121867506276993,4.0421986745463475e-13,3
2-4,0,0.03204184333010325,0.025461127360661823,0.006580716649454738,0.7942179404844114,0.20578208065660317,0.024647754809213065,0.005767344556275814,0.000184049843699627,5.774569535066211e-14,3
2-4,1,0.08697920919410766,0.027834895111265637,0.05914431763073755,0.32022508946470185,0.6797749511769998,0.022614455530567776,0.05392387722219739,0.0017269783106351657,5.774569535066211e-14,3
2-4,2,0.17019973766236077,0.036372535167232385,0.1338272061612871,0.2134108621502114,0.786589159756979,0.024644802250559362,0.12209947147066631,0.0049175746177160555,0.0,3
2-4,3,0.2554958122117179,0.04374849571595116,0.21174732370982094,0.17130132156233277,0.8286987067389616,0.027391327988533748,0.19539015539108762,0.00887097900230733,0.0,3
2-4,4,0.34041478047295226,0.05977060846866123,0.2806441793366084,0.17567105374948633,0.8243289682394356,0.037474496851837825,0.2583480609787835,0.015202963222113869,1.1549139070132421e-13,3
2-4,5,0.4078942612996177,0.06626497492903755,0.3416292951220558,0.16233564479309967,0.8376643777740117,0.03919474141938346,0.3145590575914535,0.018212724063131545,5.774569535066211e-14,3
2-4,6,0.4518036161150251,0.07619383860202063,0.37560978200700545,0.16874180287657717,0.8312582073434727,0.05042387143013969,0.3498398027722798,0.023236349579833806,5.774569535066211e-13,3
2-4,7,0.4681413722416711,0.10413759260896653,0.3640037983182877,0.22152609148391658,0.778473948012676,0.07518034132700117,0.33504653355431935,0.028525062851489535,4.0421986745463475e-13,3
2-5,0,0.032457996928502646,0.02610251496708582,0.006355482685778822,0.8038383397313655,0.19616168199716158,0.02541059314731568,0.005663561634719372,0.00017989781548431705,5.774569535066211e-14,3
2-5,1,0.08897445386364346,0.029500064395722888,0.05947439017749968,0.3315272265253672,0.6684727816584667,0.024431313432398297,0.05440563933243828,0.001875160587212396,0.0,3
2-5,2,0.17129011523155938,0.03779833420874581,0.13349178386113,0.22029552675407182,0.7797044903789626,0.026264044264006234,0.12195749084154765,0.005326167946415289,0.0,3
2-5,3,0.2584688294501532,0.047728648379681604,0.21074019159589497,0.18406061239674276,0.8159394290067871,0.03037817007492459,0.1933897104528215,0.009568790653868326,0.0,3
2-5,4,0.3420038923384651,0.06019626415911175,0.2818076402421981,0.17587069053232604,0.8241293453276489,0.037568560904926725,0.25917993178443305,0.015332979874478445,2.3098278140264843e-13,3
2-5,5,0.42166303642212394,0.07000985836225843,0.35165318988618394,0.1656650006634156,0.8343350273927096,0.04265454080369737,0.32429786050130455,0.020124870515058912,2.3098278140264843e-13,3
2-5,6,0.4836225736708868,0.09227701501240808,0.39134557001174447,0.19085919193829756,0.8091408316041316,0.06114695895285834,0.3602155087486147,0.027653787107694717,3.4647417210397264e-13,3
2-5,7,0.5042472301967561,0.12224317685006157,0.3820040547658527,0.24088151999459254,0.7591184824603466,0.08810328041750287,0.34786415667760934,0.03192867965452255,9.239311256105937e-13,3
2-6,0,0.036786778223893,0.02956064140039777,0.0072261368826268225,0.8037788310793275,0.19622117044815904,0.028421614614744035,0.0060871100082756984,0.0002137632645104849,0.0,3
2-6,1,0.09420581138323224,0.032069346734455655,0.062136467960145735,0.34051764814951585,0.6594823872266427,0.02628368115614331,0.05635080190878066,0.002122081040094296,0.0,3
2-6,2,0.17850456682462543,0.040727305033850296,0.137777265575197,0.2273822454987924,0.7726177747550875,0.028606649310815902,0.12565660807821485,0.006098594206074874,0.0,3
2-6,3,0.27157090769873726,0.05116460318603213,0.22040631089891705,0.1885120097974687,0.81148801443331,0.03315870617590253,0.2024004128244188,0.011099434531633817,5.774569535066211e-14,3
2-6,4,0.3587639047985985,0.0646267407943332,0.2941371703904772,0.18004291095747282,0.8199571066643639,0.04033229452750039,0.26984271832874845,0.017305873925723726,0.0,3
2-6,5,0.4444557201294672,0.07790057503041768,0.3665551495930505,0.17457236389499295,0.8254276465592368,0.04699395478717864,0.33564853100549613,0.022781480340257523,5.774569535066211e-14,3
2-6,6,0.5072859828434293,0.10022132311548505,0.40706466871594627,0.19756392869400882,0.802436088997173,0.06736433245832958,0.37420767356478973,0.031118243223144895,5.774569535066211e-14,3
2-6,7,0.528688667312501,0.1359469701373388,0.39274171231284977,0.2558437699924087,0.7441562590622969,0.09759872016452609,0.35439345760950963,0.036857620236419496,3.4647417210397264e-13,3
2-7,0,0.03751384514191794,0.030538277020530098,0.006975568343131316,0.813661918359546,0.1863380877844265,0.029788231920628322,0.006225523819762563,0.00022698240539443398,0.0,3
2-7,1,0.09727718148912701,0.03395624316874005,0.06332093902996609,0.34911071393191806,0.6508892933299055,0.028169662233382936,0.057534357858082606,0.002258772895272289,0.0,3
2-7,2,0.17709280999879987,0.04108310833809868,0.13600970875649224,0.23150324443280831,0.7684967946539754,0.02939208159371028,0.12431868059294564,0.006117528688813013,5.774569535066211e-14,3
2-7,3,0.27191634310616386,0.05195041521201058,0.21996593191510158,0.1908371343207692,0.8091628804442833,0.03400519111799816,0.20202070190792995,0.011445016969764044,1.7323708605198632e-13,3
2-7,4,0.368377097069271,0.06754262579811944,0.3008344769477844,0.1833703522827442,0.8166296632836908,0.04251317963713691,0.2758050286580646,0.01840967478023635,5.774569535066211e-14,3
2-7,5,0.4509939504048181,0.08373494280709161,0.3672590142204648,0.18538160812576865,0.8146184065171181,0.050050756997532315,0.33357483243185376,0.02398382541206148,0.0,3
2-7,6,0.5139540623104762,0.10860249021696666,0.4053515858120389,0.21114018699404938,0.7888598398898391,0.07519949972629547,0.371948588462103,0.03353088100751241,1.7323708605198632e-13,3
2-7,7,0.5517704467924814,0.1474174369895269,0.40435301500653464,0.2659043659944181,0.734095643606695,0.1057317443783321,0.3626673240510245,0.039246344258860935,9.239311256105937e-13,3
2-8,0,0.038669771145260524,0.03160642560512301,0.007063346515808786,0.8168120747516453,0.18318794967110907,0.030883585058507468,0.006340505895278757,0.00024859178885226215,0.0,3
2-8,1,0.0967421815508888,0.0342766869635809,0.06246549624299246,0.35441467542246885,0.6455853415685979,0.028490925473826274,0.056679733452342805,0.0022982856303098657,5.774569535066211e-14,3
2-8,2,0.18223217366233704,0.04390075223313437,0.13833142651451957,0.24063661561867353,0.7593634125884141,0.031258544751576016,0.12568921796859256,0.006495158409788495,0.0,3
2-8,3,0.27910211351182723,0.05556908107939221,0.22353303905517338,0.19913359090599836,0.800866432829574,0.03618945429722468,0.20415340245716154,0.012149915099143982,5.774569535066211e-14,3
2-8,4,0.3685778606505621,0.07103566707126678,0.29754220020203365,0.19276010162133153,0.8072399163725693,0.04501632589196402,0.2715228521634662,0.01955147217663508,1.7323708605198632e-13,3
2-8,5,0.46124966182405985,0.0872907688220342,0.3739589036457122,0.18906225865176562,0.8109377643450961,0.053681259827008325,0.3403493941776336,0.025667557522418005,1.1549139070132421e-13,3
2-8,6,0.5389145026131281,0.12356392447910612,0.41535059043339323,0.2290252475387259,0.7709747749846926,0.08666679334072841,0.3784534590584891,0.037566702280725756,6.929483442079453e-13,3
2-8,7,0.5686897966596816,0.16200357486331274,0.40668623031131806,0.28341591148806494,0.716584103078465,0.11628696890104384,0.36096962482210193,0.04240616777586559,1.3281509930652287e-12,3
3-4,0,0.022586155209749464,0.017767672737439472,0.004818483107974605,0.7858925297470849,0.2141074984858828,0.016935517863621786,0.0039863285741635725,7.353123926025417e-05,0.0,3
3-4,1,0.06027589288968888,0.018857066829999287,0.04141882688753188,0.31274167944614045,0.6872583349462028,0.014670353915010181,0.03723211432733233,0.0007426904861830056,0.0,3
3-4,2,0.12076197540949261,0.023759525387533124,0.09700245280114432,0.19668760413543598,0.8033124174368845,0.01622261331667976,0.0894655388972116,0.0023876644212693448,0.0,3
3-4,3,0.2020916456267947,0.03306792522706683,0.1690237252485184,0.16354777171557489,0.8364522522942465,0.02086649823283392,0.1568222949429164,0.005260609992084996,0.0,3
3-4,4,0.2744188100572616,0.043223272358614305,0.23119554349354335,0.15684252356317163,0.8431574973179058,0.02526521280644432,0.2132374786195301,0.007988182650435537,5.774569535066211e-14,3
3-4,5,0.33160216183889485,0.046015575291618475,0.28558659837359474,0.1384553081769616,0.8615447274797349,0.02691232022785005,0.26648334094456266,0.009866443980071278,0.0,3
3-4,6,0.3732955294942099,0.05258763711603861,0.32070790302185787,0.14110601298434658,0.8588940150234533,0.03230002486989612,0.30042028332513476,0.012416372696558634,0.0,3
3-4,7,0.3945618262366643,0.06579390475674281,0.3287679325966608,0.1668073244163927,0.8331927038488861,0.04556023636980663,0.30853425415735397,0.015196849843339315,5.774569535066211e-14,3
3-5,0,0.02537776624399518,0.02049018330280743,0.004887583517720776,0.8070449929844804,0.19295502973230874,0.019698102795888506,0.004095503336025609,9.498532883645524e-05,0.0,3
3-5,1,0.06164049534570604,0.021192533451886403,0.04044796278079351,0.34371542367526436,0.6562845908232212,0.017367309402851833,0.0366227381995746,0.0008831089842946284,0.0,3
3-5,2,0.12491717083113534,0.025893828225514243,0.09902334284214746,0.20618094403312737,0.7938190583024046,0.01833286432046739,0.09146237822752151,0.00272386230617052,5.774569535066211e-14,3
3-5,3,0.21026226263197642,0.03615875258332207,0.17410351785402448,0.17184728381624104,0.8281527531307025,0.02327939288483726,0.1612241528336964,0.005929199505656485,0.0,3
3-5,4,0.28382805131730576,0.04550129967549491,0.2383267624037606,0.16023042548316785,0.8397696125960573,0.027303862311537305,0.2201293195996966,0.009286027046896163,0.0,3
3-5,5,0.35993932447736227,0.05232470234235128,0.3076146273385911,0.14488557867634996,0.8551144358781063,0.030430291261937886,0.28572021495728267,0.011660851153825957,0.0,3
3-5,6,0.40384944658430794,0.06476190118562607,0.33908755722500034,0.16050052697516895,0.8394995018445747,0.040668426879814694,0.31499407688776654,0.016172315807096542,0.0,3
3-5,7,0.41536994585915216,0.07881047422923738,0.3365594829831804,0.1898743445432889,0.8101256833159792,0.05586134890715281,0.31361035127488396,0.018510199137150296,1.1549139070132421e-13,3
3-6,0,0.028924272883506047,0.023545949468536984,0.005378324242811355,0.8140969517012294,0.18590307544889095,0.022480312320921157,0.004312687538682468,0.00011557620942651752,0.0,3
3-6,1,0.06887104728865245,0.024843637077581315,0.04402741092065024,0.3606635462055156,0.6393364639172748,0.020003604096552684,0.03918737740743728,0.001067055363415016,0.0,3
3-6,2,0.13324712618948922,0.02902529956329437,0.10422183123845902,0.21729427183583958,0.7827057628688389,0.020780196738621543,0.09597672663983846,0.003241569735109806,5.774569535066211e-14,3
3-6,3,0.22139020098580256,0.0395424919469016,0.18184771660774476,0.17872140118719235,0.8212786328361363,0.02612647248639001,0.16843169218017942,0.007083129256017624,0.0,3
3-6,4,0.2983078218641735,0.05089961323473189,0.24740821690786452,0.1704821201938956,0.8295179075842194,0.03164206492522407,0.22815065913730195,0.011398841848685629,0.0,3
3-6,5,0.3842288586828444,0.06046341123088957,0.3237654576225886,0.15694384045892132,0.843056185577149,0.03545590892197594,0.2987579485726735,0.013979228183863655,2.3098278140264843e-13,3
3-6,6,0.42942853768666583,0.07251003881295522,0.35691850715213347,0.16891727275012033,0.8310827457843507,0.046594321018173575,0.3310027822615608,0.01855837967660692,0.0,3
3-6,7,0.4640735917621189,0.10231618464939178,0.3617574146815709,0.21945475462612296,0.7805452618029521,0.07385046165140847,0.33329169050095575,0.023866051719302225,2.3098278140264843e-13,3
3-7,0,0.029499430741582598,0.02444453431027276,0.00505489736263241,0.8281149665652988,0.171885065172004,0.023702911086498746,0.0043132748336546,0.00012436253711625578,0.0,3
3-7,1,0.07093770163399833,0.026516481642685236,0.044421222120050396,0.3738131116897359,0.6261869183627143,0.021649151981349975,0.03955389204479399,0.00117642017790959,0.0,3
3-7,2,0.13467931652825976,0.030697165618813225,0.10398215433907887,0.2275945455274924,0.772405481004002,0.022177803315340527,0.09546278984773726,0.0034724383481911252,5.774569535066211e-14,3
3-7,3,0.22317003257690915,0.04202844923923887,0.18114158653077625,0.18829479347853081,0.8117052209295076,0.027767795537199297,0.16688092928084117,0.007302391121075266,0.0,3
3-7,4,0.3085924614043463,0.05481913141787998,0.25377333921099465,0.1777137137465038,0.8222863161383042,0.034025554619138206,0.2329797593374101,0.011891390477854107,0.0,3
3-7,5,0.3926378053332132,0.06457211124518561,0.3280656933784485,0.16429689304383122,0.8357031046559187,0.03790385276079178,0.3013974352488442,0.015191954693623952,5.774569535066211e-14,3
3-7,6,0.43982657364436556,0.08187714290051233,0.3579494385492234,0.18607618561146888,0.8139238327281985,0.05342252647119855,0.3294948216468569,0.020927237139807806,3.4647417210397264e-13,3
3-7,7,0.4838514176626054,0.11514280854709565,0.3687086275645665,0.23734876077637726,0.762651277569275,0.08267149707627675,0.33623730379437644,0.02633440553668946,2.3098278140264843e-13,3
3-8,0,0.03172484253134047,0.026226924880156443,0.005497918419894718,0.8267115001612023,0.17328852382324378,0.025336377559200166,0.004607371098938442,0.00014279685251133902,0.0,3
3-8,1,0.07384776548733786,0.0287799107886496,0.04506785670916239,0.3894180552701881,0.6105819720114822,0.02380066826230004,0.04008861359149691,0.0013168842516957768,5.774569535066211e-14,3
3-8,2,0.13733768321218945,0.0313699065692841,0.10596777948122177,0.22825995030209034,0.7717400697033904,0.02287540312797304,0.09747327462075249,0.003713864847899429,5.774569535066211e-14,3
3-8,3,0.23852467915368458,0.04751519208389615,0.1910094954664745,0.1991080284953637,0.8008920067034908,0.030739658053905244,0.17423395505027164,0.008262004880678088,0.0,3
3-8,4,0.32148409930486527,0.058607792097424706,0.2628763147762843,0.18231135122518363,0.817688672328221,0.0368085272964977,0.24107704465351407,0.012990602011245396,5.774569535066211e-14,3
3-8,5,0.40827970845358713,0.0697470453996507,0.3385326701497275,0.1704562210430599,0.8295437964027478,0.04247059744028819,0.3112562232547336,0.016938546761160803,0.0,3
3-8,6,0.46899647561330643,0.09291543468596443,0.3760810428195529,0.19795312154503142,0.8020468838945264,0.06136122393229651,0.3445268301736741,0.023784820108659687,2.3098278140264843e-13,3
3-8,7,0.5053311245782034,0.12976474657891288,0.37556639361003086,0.2560247898901265,0.7439752411162219,0.09475430988130117,0.3405559573854719,0.029805890269695767,2.3098278140264843e-13,3
4-5,0,0.016869084643466134,0.013659401663712092,0.0032096831054086723,0.8088924716273587,0.1911075355516203,0.01315896295838886,0.0027092445700887652,4.0876101203528894e-05,0.0,3
4-5,1,0.04478338502702259,0.015100073542386766,0.029683313081188805,0.3367794321515251,0.6632206037092958,0.012437772419717578,0.027021011781124843,0.00047387084960641836,0.0,3
4-5,2,0.0939860651417384,0.018682918614811365,0.07530315007482256,0.19915283327663813,0.8008472046502458,0.013098247585788605,0.06971847561616747,0.001560904041287445,0.0,3
4-5,3,0.1682014361260429,0.025841941554394978,0.14235949610906937,0.1537589665122231,0.8462410425754819,0.01571969652459735,0.13223725178885082,0.0033290402756796945,0.0,3
4-5,4,0.241213633900597,0.03529600136809879,0.20591764033786833,0.14647402716547012,0.8535260055684996,0.020460223217332173,0.1910818573974428,0.005689288208645488,0.0,3
4-5,5,0.2923632245215159,0.035281705714407426,0.25708152472026763,0.12048962144756448,0.879510398895956,0.020507518852513933,0.24230733844969007,0.007255736708877578,0.0,3
4-5,6,0.34599878958293373,0.04407972594102224,0.3019190686089652,0.12755832875561743,0.872441686110733,0.026054057455252088,0.28389339787619455,0.009239205647082556,0.0,3
4-5,7,0.35763726537189783,0.05009647139481136,0.3075408093513004,0.14027993657755775,0.8597201069398587,0.0332638192034903,0.29070815207466244,0.010118608969071555,5.19711258155959e-13,3
4-6,0,0.02015240265736504,0.016325016934720295,0.003827386003519808,0.8102521582371957,0.1897478541722469,0.015575078863000113,0.0030774480057141136,5.784370053637152e-05,0.0,3
4-6,1,0.05029931640814222,0.01808825241667884,0.03221106470104248,0.36006901866962465,0.6399309950356902,0.014536506008534204,0.02865931781984511,0.0005721296978345703,0.0,3
4-6,2,0.10058154946281796,0.02206771844436252,0.07851383231935045,0.21918084058176665,0.7808191726853241,0.015836079442311846,0.07228219319903662,0.0018634115537953756,0.0,3
4-6,3,0.17681506701878139,0.03141036523239953,0.14540470166811867,0.17731643279215956,0.8226835673326659,0.020096162067992345,0.1340904983263167,0.00438854791637924,0.0,3
4-6,4,0.2550290132325793,0.040553088580805155,0.21447593257540745,0.15887023187850505,0.8411297999008388,0.023969611655625084,0.19789245298930577,0.007179540212428759,0.0,3
4-6,5,0.31923850755842903,0.04430141418226182,0.2749370942040095,0.13871662419009767,0.8612833783712182,0.025472054878870647,0.2561077286326696,0.009220372885465622,0.0,3
4-6,6,0.37378733025656813,0.05192361795713032,0.32186372696407256,0.13883781471259052,0.8611622253988656,0.03325830648342768,0.30319841229726396,0.012130784491697947,1.1549139070132421e-13,3
4-6,7,0.3992866296616812,0.07010002103116776,0.3291866135975671,0.17491552046423217,0.8250844911621481,0.04707903320354129,0.30616561855588637,0.014900907105396663,1.1549139070132421e-13,3
4-7,0,0.021438617614053548,0.017480510331335523,0.003958107740987861,0.814500755679923,0.18549926553705134,0.01681102416108525,0.003288621910744243,6.483651587687847e-05,0.0,3
4-7,1,0.052197339752363785,0.019951798672240877,0.032245542203623155,0.3821242484475919,0.6178757731689664,0.016588622024134983,0.028882365023332926,0.0006810071035510018,0.0,3
4-7,2,0.10405984095164707,0.023934637270276508,0.08012520675621336,0.2298695119576809,0.7701305175286016,0.017319459172468337,0.07351002641140468,0.0020850300788879395,0.0,3
4-7,3,0.18034911344921778,0.03210073165477268,0.1482483853423406,0.1779092865999623,0.8220907336434612,0.02060775033065251,0.13675540117990403,0.004510710651557597,0.0,3
4-7,4,0.2685888210932414,0.04468545660613075,0.22390336838979571,0.16705797678128845,0.8329420371448938,0.026459278331862558,0.20567718763200063,0.007913935456484084,0.0,3
4-7,5,0.3255167404810588,0.04817043363101898,0.27734631016140887,0.14809348693385355,0.8519065240333008,0.027724947248186384,0.25690082519773455,0.01004458854477557,0.0,3
4-7,6,0.38639500406053334,0.06156947995935167,0.3248255271760244,0.15976779097476454,0.8402322166900106,0.03982681840185135,0.3030828597053649,0.01388553689633097,1.1549139070132421e-13,3
4-7,7,0.41967034718346974,0.08083381160857185,0.3388365365210034,0.19224428020127035,0.8077557220776669,0.05474924804672362,0.3127519687016805,0.01736877533415007,1.7323708605198632e-13,3
4-8,0,0.024234159716538018,0.02005401194568664,0.004180148450864685,0.8271523329096269,0.17284769484832496,0.01941045101672884,0.0035365873445121067,8.351914492243576e-05,0.0,3
4-8,1,0.05538495074188898,0.021647068893625623,0.03373788273523724,0.3906376083120045,0.6093624073263251,0.01816188106461177,0.03025269437403906,0.000797109406751891,0.0,3
4-8,2,0.10873464648685759,0.025702572176380764,0.08303207726705643,0.23625896282545253,0.7637410645510195,0.018902417745382066,0.07623192194908385,0.0023159577126895623,0.0,3
4-8,3,0.19993056002117338,0.03875895802463804,0.16117160850101045,0.19333897736395514,0.8066610551179371,0.02445640639653281,0.1468690520241147,0.005471677593295536,0.0,3
4-8,4,0.28743887988347855,0.05112186452699086,0.23631702434448967,0.17797693201306622,0.8220230997611905,0.030779224776086356,0.21597437915347872,0.009560143161151145,1.1549139070132421e-13,3
4-8,5,0.3481678101751539,0.054411517012686955,0.29375629576425705,0.15630132485123396,0.8436986826320099,0.03244299406097049,0.27178777494127787,0.012154084585961842,0.0,3
4-8,6,0.41504801644219297,0.07334802429827432,0.34169999569181414,0.17676557970031972,0.8232344286938403,0.04812465809167377,0.31647662227115936,0.01701003431327759,5.774569535066211e-14,3
4-8,7,0.45412974130539663,0.09770401957489196,0.3564257319011386,0.21456682392889556,0.78543319944461,0.06678389036466205,0.3255056000891186,0.020612004020857434,4.619655628052969e-13,3
5-6,0,0.015376529759830898,0.01246665320580914,0.002909876901419863,0.8102495236585927,0.18975049877085762,0.011986510148124088,0.002429734006346691,3.46036232215175e-05,0.0,3
5-6,1,0.03868933258548616,0.013772619740357475,0.024916714678208034,0.3562584326635045,0.643741614286801,0.01089677767502883,0.02204087222852404,0.0003443288021824427,0.0,3
5-6,2,0.08108062332584744,0.016831295949126048,0.06424932962372189,0.20770727019905025,0.7922927575424111,0.011929678301962595,0.05934771020261068,0.0011368430374811094,0.0,3
5-6,3,0.14691835925692603,0.023439606622097986,0.12347875701056588,0.15982876208718608,0.8401712681942587,0.01486962850368212,0.11490877705907064,0.0026873867249205,0.0,3
5-6,4,0.2104229454010252,0.0297553346507133,0.1806676174913134,0.14141327262338763,0.8585867592817295,0.017640083614322875,0.16855236036436896,0.004310203257889028,0.0,3
5-6,5,0.2663403541322738,0.03301451083213564,0.23332584755761285,0.12413585181383992,0.8758641641996713,0.01780598167152632,0.21811731514476596,0.00531677675566503,0.0,3
5-6,6,0.31022812260521787,0.03416815506560462,0.2760599690770346,0.11011568884122691,0.8898843159199107,0.019106539941969373,0.2609983521794516,0.0064782993867993355,5.774569535066211e-14,3
5-6,7,0.34640229978258646,0.05688166109815476,0.2895206430601695,0.16260998188902095,0.8373900307181446,0.03855028665728039,0.2711892629426623,0.009741451472990097,2.3098278140264843e-13,3
5-7,0,0.01704687140290699,0.014036122354723157,0.003010749676457,0.8235593046452309,0.1764407322555539,0.013545576483011246,0.0025202041077944967,3.747807597161256e-05,0.0,3
5-7,1,0.04330641622581179,0.01685882815056377,0.0264475882526428,0.38861454111986493,0.6113854637442856,0.01351968388235758,0.023108443807041832,0.0004136997722237119,0.0,3
5-7,2,0.08475686491481842,0.018268156914956982,0.0664887082955194,0.21556587992190304,0.7844341234830784,0.013189462501378285,0.06141001364541432,0.0013123292232020982,0.0,3
5-7,3,0.15107256221392798,0.024925342391407677,0.12614722431652128,0.1654961935116519,0.8345038359806235,0.01624476241450461,0.11746664463527619,0.003032169467399991,0.0,3
5-7,4,0.22347623488259694,0.033158138394355774,0.19031810192834764,0.14831415080694046,0.8516858723627349,0.02018140581628633,0.17734136988246252,0.005241995943444116,0.0,3
5-7,5,0.2890861318224952,0.038048821664045725,0.25103731571681914,0.13152574681460374,0.868474272065034,0.02098722028590384,0.2339757113229661,0.006388124935920276,0.0,3
5-7,6,0.325317070597694,0.04030927282477182,0.28500780132081777,0.12389080978773999,0.8761092010704075,0.023411735596637877,0.2681102620230781,0.007969660507071584,5.774569535066211e-14,3
5-7,7,0.3715878261460199,0.06938769774777548,0.30220013573056176,0.18554482957108606,0.8144551908161222,0.047793675509710164,0.28060610805239,0.011948324799064604,1.7323708605198632e-13,3
5-8,0,0.01955070926083459,0.016323111360035242,0.0032275980190625262,0.8354920121232611,0.1645079942170723,0.01585535438997405,0.0027598409455210442,5.187847654313026e-05,0.0,3
5-8,1,0.04569888457892433,0.018288464655005745,0.027410419687392218,0.39978582985197325,0.6002141657520547,0.014882070086305104,0.02400402434998088,0.0005027710992310729,0.0,3
5-8,2,0.08925287922223409,0.021084190183688723,0.06816869051683516,0.23626950915115133,0.7637305069427135,0.015476860224254547,0.06256136061653259,0.0015111608571180748,0.0,3
5-8,3,0.16182020968861052,0.030349302741270217,0.13147091439792088,0.1877461672252523,0.8122538787558543,0.01962425199056429,0.12074586039497741,0.003543288343482548,0.0,3
5-8,4,0.23192545535072448,0.03713054907700372,0.19479491502519639,0.16027018586843955,0.8397298520616894,0.023080452685318293,0.18074481496735226,0.005818725489671268,0.0,3
5-8,5,0.31485186398975434,0.046453423679821075,0.26839844858835615,0.1475629361794817,0.8524370900592902,0.026423358846278416,0.2483683843461294,0.008153767280635379,0.0,3
5-8,6,0.3505052933617243,0.050340513151789466,0.30016478848835776,0.14370986890315018,0.8562901553070409,0.030677230466925904,0.2805015028469146,0.010116154860172954,5.774569535066211e-14,3
5-8,7,0.40293495049552314,0.08503124827430363,0.31790370979006327,0.20936905251736138,0.79063096662737,0.05963308813553008,0.292505543383341,0.015667877145229825,4.619655628052969e-13,3
6-7,0,0.013076962637049811,0.01046155242338067,0.002615410583241591,0.8002218676633128,0.19977816096789883,0.010147447269114237,0.0023013056433271793,2.856632867377133e-05,0.0,3
6-7,1,0.0353142259612916,0.013230013173250925,0.022084213261093413,0.37476004962113435,0.6252399638404653,0.010510766405671362,0.019364965695237355,0.0002778683463850664,0.0,3
6-7,2,0.07289735830965496,0.015615974212922747,0.05728138628460113,0.2141659418081874,0.7858340881168736,0.010911469569518453,0.05257688060639396,0.0009227850703552128,0.0,3
6-7,3,0.125965658634428,0.020414136645812837,0.10555152571390547,0.1619582044402956,0.8380418255429184,0.012933245135678187,0.09807063237069145,0.002160805647098829,0.0,3
6-7,4,0.18936880571501594,0.026316357628693655,0.16305245530037654,0.1390266435311757,0.8609733946104366,0.015211291729457795,0.1519473890463511,0.003674072272602528,0.0,3
6-7,5,0.24878531032138404,0.028810654249456193,0.21997465879198105,0.11579105514246994,0.8842089563198071,0.01545734242314384,0.20662134270819407,0.004491262714422885,0.0,3
6-7,6,0.29065841909438844,0.03203367441892624,0.25862475047035827,0.11032610569293318,0.8896739146854443,0.018548158367001823,0.24513923270361762,0.005736386329526939,0.0,3
6-7,7,0.3021037502894326,0.035884419012637364,0.26621933872737585,0.11877202143035559,0.881228002849961,0.022600414556643317,0.2529353272347223,0.005863906224332159,0.0,3
6-8,0,0.01603518438244623,0.013180142593762231,0.002855042010427468,0.8228304211024144,0.1771695934160523,0.012752737081240093,0.002427636734431698,3.6522451929548485e-05,5.774569535066211e-14,3
6-8,1,0.03682223482737466,0.014576590900856353,0.02224564434043945,0.39604273164070763,0.6039572793551756,0.012014034012007334,0.019683087274195658,0.0003385050009773482,0.0,3
6-8,2,0.0750862667484889,0.017559826255790775,0.057526442739698626,0.23329507463686708,0.7667049561040132,0.012636730654372109,0.05260334625130608,0.0010828605025178855,0.0,3
6-8,3,0.1394909265495482,0.02487561615213515,0.11461531406357174,0.17829359483532245,0.8217064315404726,0.015846764580124902,0.10558646207764034,0.002569907470532353,0.0,3
6-8,4,0.19949684256599065,0.030861101808056,0.16863574347798785,0.1544680386170274,0.8455319753638708,0.018592508361926153,0.15636715151014782,0.0043076809554819075,0.0,3
6-8,5,0.26946197142676703,0.034987020587164255,0.23447495604318283,0.12944123477061076,0.8705587846782313,0.019737260623110667,0.2192251928268917,0.005788277317252424,0.0,3
6-8,6,0.3148153727016752,0.04173101768607185,0.2730843566712879,0.13272299415799468,0.867277010323884,0.0249454468961746,0.2562987832796006,0.007612245364321603,0.0,3
6-8,7,0.3337582699836246,0.04981479675523819,0.28394348469991537,0.14869878228110794,0.8513012527593159,0.03232741687032911,0.2664561006757948,0.008678512233826848,5.774569535066211e-14,3
7-8,0,0.011932963889742654,0.009797226962825608,0.002135737074746026,0.8221576711379397,0.1778423400175427,0.009456794502006637,0.0017953045695783601,1.9754181035779535e-05,0.0,3
7-8,1,0.027664185989470708,0.010566623349274907,0.017097563438472293,0.38286007580196496,0.6171399539044901,0.008911680962358202,0.015442620785463426,0.0002016862757348766,0.0,3
7-8,2,0.06475720779290275,0.014661605928152327,0.05009560346130341,0.2264238755141339,0.773576148822919,0.010274090848508334,0.045708086992067,0.0007142106270683664,0.0,3
7-8,3,0.11647406362351916,0.019028003490160383,0.09744606344472795,0.16399914500995155,0.836000882036381,0.011801096891599987,0.09021915566353571,0.0017390186632318158,0.0,3
7-8,4,0.17545082881337123,0.02441475386657412,0.1510360784946926,0.1389609870947345,0.8610390334808291,0.014571113541485771,0.14119243621826172,0.002984155309460466,0.0,3
7-8,5,0.2319358785947164,0.026669577473685854,0.205266311055138,0.11495057326944243,0.8850494694000917,0.014662166318250082,0.1932588919760689,0.0037882253527641296,0.0,3
7-8,6,0.2704352821622576,0.029511632663863047,0.24092365541155378,0.10969226215268757,0.8903077596860828,0.01677223082099642,0.22818424777379112,0.004730014618308771,0.0,3
7-8,7,0.29321107694080895,0.03601018978016717,0.2572008986321706,0.1230115453240002,0.8769884940405418,0.021385880630640758,0.24257658492951165,0.005236687064762153,4.619655628052969e-13,3
