host_k,donor_k,swap_scope,layer_id,validation_loss,baseline_loss,delta_loss,num_seeds
1,1,all_layers,-1,1.0214836786663721,1.0214836786663721,0.0,3
1,1,single_layer,0,1.0214836786663721,1.0214836786663721,0.0,3
1,1,single_layer,1,1.0214836786663721,1.0214836786663721,0.0,3
1,1,single_layer,2,1.0214836786663721,1.0214836786663721,0.0,3
1,1,single_layer,3,1.0214836786663721,1.0214836786663721,0.0,3
1,1,single_layer,4,1.0214836786663721,1.0214836786663721,0.0,3
1,1,single_layer,5,1.0214836786663721,1.0214836786663721,0.0,3
1,1,single_layer,6,1.0214836786663721,1.0214836786663721,0.0,3
1,1,single_layer,7,1.0214836786663721,1.0214836786663721,0.0,3
1,2,all_layers,-1,1.3989079187786768,1.0214836786663721,0.3774242401123047,3
1,2,single_layer,0,1.2943186078752789,1.0214836786663721,0.2728349292089069,3
1,2,single_layer,1,1.0843760475279793,1.0214836786663721,0.06289236886160714,3
1,2,single_layer,2,1.0329025510757688,1.0214836786663721,0.011418872409396727,3
1,2,single_layer,3,1.0303817325168187,1.0214836786663721,0.008898053850446397,3
1,2,single_layer,4,1.005381841508169,1.0214836786663721,-0.016101837158203087,3
1,2,single_layer,5,1.03098878406343,1.0214836786663721,0.009505105397057956,3
1,2,single_layer,6,1.004822776431129,1.0214836786663721,-0.01666090223524308,3
1,2,single_layer,7,1.0250317709786552,1.0214836786663721,0.0035480923122829986,3
1,3,all_layers,-1,1.4200316837855749,1.0214836786663721,0.3985480051192026,3
1,3,single_layer,0,1.2696419973222035,1.0214836786663721,0.24815831865583146,3
1,3,single_layer,1,1.0542866540333582,1.0214836786663721,0.032802975366986065,3
1,3,single_layer,2,1.035343049064515,1.0214836786663721,0.013859370398143037,3
1,3,single_layer,3,1.0213446844191778,1.0214836786663721,-0.00013899424719432396,3
1,3,single_layer,4,1.0120203532869854,1.0214836786663721,-0.009463325379386767,3
1,3,single_layer,5,1.0185055808415486,1.0214836786663721,-0.002978097824823278,3
1,3,single_layer,6,1.0189499022468687,1.0214836786663721,-0.002533776419503327,3
1,3,single_layer,7,1.0312787616063679,1.0214836786663721,0.009795082939995647,3
1,4,all_layers,-1,1.419267139737568,1.0214836786663721,0.3977834610711961,3
1,4,single_layer,0,1.2725559113517642,1.0214836786663721,0.25107223268539186,3
1,4,single_layer,1,1.053864040072002,1.0214836786663721,0.03238036140562994,3
1,4,single_layer,2,1.0291953011164587,1.0214836786663721,0.00771162245008683,3
1,4,single_layer,3,1.018797102428618,1.0214836786663721,-0.0026865762377541826,3
1,4,single_layer,4,1.0131558312310114,1.0214836786663721,-0.008327847435360894,3
1,4,single_layer,5,1.0118431817917595,1.0214836786663721,-0.009640496874612473,3
1,4,single_layer,6,1.0222296336340524,1.0214836786663721,0.0007459549676804474,3
1,4,single_layer,7,1.0319163004557292,1.0214836786663721,0.010432621789357074,3
1,5,all_layers,-1,1.4255333249531095,1.0214836786663721,0.4040496462867374,3
1,5,single_layer,0,1.2773114158993677,1.0214836786663721,0.2558277372329955,3
1,5,single_layer,1,1.06104248289078,1.0214836786663721,0.03955880422440794,3
1,5,single_layer,2,1.0414461105588881,1.0214836786663721,0.01996243189251608,3
1,5,single_layer,3,1.0164125230577257,1.0214836786663721,-0.00507115560864646,3
1,5,single_layer,4,1.0281672704787483,1.0214836786663721,0.006683591812376026,3
1,5,single_layer,5,1.0210950034005302,1.0214836786663721,-0.00038867526584196455,3
1,5,single_layer,6,1.0251314980643136,1.0214836786663721,0.003647819397941454,3
1,5,single_layer,7,1.0384358905610582,1.0214836786663721,0.01695221189468621,3
1,6,all_layers,-1,1.4725356329055062,1.0214836786663721,0.45105195423913386,3
1,6,single_layer,0,1.3363705286903986,1.0214836786663721,0.3148868500240265,3
1,6,single_layer,1,1.061504424564422,1.0214836786663721,0.040020745898049936,3
1,6,single_layer,2,1.0317798796154205,1.0214836786663721,0.010296200949048226,3
1,6,single_layer,3,1.030759993053618,1.0214836786663721,0.009276314387245818,3
1,6,single_layer,4,1.0120756058465867,1.0214836786663721,-0.00940807281978547,3
1,6,single_layer,5,1.0262539575970362,1.0214836786663721,0.004770278930664136,3
1,6,single_layer,6,1.0237067086356026,1.0214836786663721,0.0022230299692305167,3
1,6,single_layer,7,1.0371606917608351,1.0214836786663721,0.01567701309446305,3
1,7,all_layers,-1,1.4519341786702473,1.0214836786663721,0.43045050000387536,3
1,7,single_layer,0,1.3025570521278986,1.0214836786663721,0.28107337346152655,3
1,7,single_layer,1,1.071615976000589,1.0214836786663721,0.05013229733421687,3
1,7,single_layer,2,1.0267984904940166,1.0214836786663721,0.005314811827644483,3
1,7,single_layer,3,1.023039530193995,1.0214836786663721,0.0015558515276227942,3
1,7,single_layer,4,1.0185216570657396,1.0214836786663721,-0.002962021600632451,3
1,7,single_layer,5,1.0170023479158916,1.0214836786663721,-0.004481330750480517,3
1,7,single_layer,6,1.0254510243733723,1.0214836786663721,0.003967345707000265,3
1,7,single_layer,7,1.036512011573428,1.0214836786663721,0.015028332907056038,3
1,8,all_layers,-1,1.428971426827567,1.0214836786663721,0.4074877481611949,3
1,8,single_layer,0,1.32935793437655,1.0214836786663721,0.3078742557101779,3
1,8,single_layer,1,1.0426314217703683,1.0214836786663721,0.02114774310399614,3
1,8,single_layer,2,1.0400716690790086,1.0214836786663721,0.018587990412636406,3
1,8,single_layer,3,1.0297744690425814,1.0214836786663721,0.00829079037620913,3
1,8,single_layer,4,1.0164889381045388,1.0214836786663721,-0.004994740561833429,3
1,8,single_layer,5,1.0263331277029855,1.0214836786663721,0.0048494490366133665,3
1,8,single_layer,6,1.0245816064259363,1.0214836786663721,0.0030979277595641155,3
1,8,single_layer,7,1.0373549385676308,1.0214836786663721,0.015871259901258705,3
2,1,all_layers,-1,1.2554964035276384,0.9049014136904763,0.3505949898371621,3
2,1,single_layer,0,1.0133531358506946,0.9049014136904763,0.1084517221602183,3
2,1,single_layer,1,0.9368621281215123,0.9049014136904763,0.03196071443103606,3
2,1,single_layer,2,0.9178168584430028,0.9049014136904763,0.012915444752526631,3
2,1,single_layer,3,0.9354462699284629,0.9049014136904763,0.030544856237986712,3
2,1,single_layer,4,0.9446533748081752,0.9049014136904763,0.03975196111769904,3
2,1,single_layer,5,0.9131975325327071,0.9049014136904763,0.008296118842230915,3
2,1,single_layer,6,0.9091069357735769,0.9049014136904763,0.004205522083100803,3
2,1,single_layer,7,0.8911466447133867,0.9049014136904763,-0.013754768977089568,3
2,2,all_layers,-1,0.9049014136904763,0.9049014136904763,0.0,3
2,2,single_layer,0,0.9049014136904763,0.9049014136904763,0.0,3
2,2,single_layer,1,0.9049014136904763,0.9049014136904763,0.0,3
2,2,single_layer,2,0.9049014136904763,0.9049014136904763,0.0,3
2,2,single_layer,3,0.9049014136904763,0.9049014136904763,0.0,3
2,2,single_layer,4,0.9049014136904763,0.9049014136904763,0.0,3
2,2,single_layer,5,0.9049014136904763,0.9049014136904763,0.0,3
2,2,single_layer,6,0.9049014136904763,0.9049014136904763,0.0,3
2,2,single_layer,7,0.9049014136904763,0.9049014136904763,0.0,3
2,3,all_layers,-1,0.956843996804858,0.9049014136904763,0.051942583114381824,3
2,3,single_layer,0,0.9133995903862847,0.9049014136904763,0.00849817669580851,3
2,3,single_layer,1,0.9166340298122829,0.9049014136904763,0.011732616121806797,3
2,3,single_layer,2,0.9043448009188214,0.9049014136904763,-0.0005566127716549,3
2,3,single_layer,3,0.9290476602221291,0.9049014136904763,0.02414624653165302,3
2,3,single_layer,4,0.9143065497988747,0.9049014136904763,0.009405136108398438,3
2,3,single_layer,5,0.9101500435480996,0.9049014136904763,0.005248629857623384,3
2,3,single_layer,6,0.9145233820355129,0.9049014136904763,0.009621968345036555,3
2,3,single_layer,7,0.9149152664911179,0.9049014136904763,0.01001385280064171,3
2,4,all_layers,-1,1.012690165686229,0.9049014136904763,0.1077887519957527,3
2,4,single_layer,0,0.9400553627619668,0.9049014136904763,0.03515394907149053,3
2,4,single_layer,1,0.9140455760653058,0.9049014136904763,0.009144162374829512,3
2,4,single_layer,2,0.9061941419328963,0.9049014136904763,0.0012927282424199937,3
2,4,single_layer,3,0.9192373790438212,0.9049014136904763,0.0143359653533451,3
2,4,single_layer,4,0.9047601487901477,0.9049014136904763,-0.00014126490032865627,3
2,4,single_layer,5,0.9100446246919178,0.9049014136904763,0.005143211001441587,3
2,4,single_layer,6,0.9211527203756665,0.9049014136904763,0.01625130668519033,3
2,4,single_layer,7,0.9260466439383371,0.9049014136904763,0.021145230247860858,3
2,5,all_layers,-1,1.0049068208724734,0.9049014136904763,0.10000540718199713,3
2,5,single_layer,0,0.9190000806535993,0.9049014136904763,0.014098666963123119,3
2,5,single_layer,1,0.9060792468843006,0.9049014136904763,0.0011778331938243995,3
2,5,single_layer,2,0.9155614943731399,0.9049014136904763,0.010660080682663664,3
2,5,single_layer,3,0.9070211743551587,0.9049014136904763,0.0021197606646825204,3
2,5,single_layer,4,0.9054913293747675,0.9049014136904763,0.0005899156842913053,3
2,5,single_layer,5,0.9208755493164062,0.9049014136904763,0.015974135625930086,3
2,5,single_layer,6,0.9200641087123326,0.9049014136904763,0.01516269502185641,3
2,5,single_layer,7,0.9166807749914744,0.9049014136904763,0.011779361300998215,3
2,6,all_layers,-1,1.0319230215890067,0.9049014136904763,0.12702160789853048,3
2,6,single_layer,0,0.9384417458186074,0.9049014136904763,0.033540332128131234,3
2,6,single_layer,1,0.9146439083038814,0.9049014136904763,0.009742494613405225,3
2,6,single_layer,2,0.9146365211123512,0.9049014136904763,0.009735107421875,3
2,6,single_layer,3,0.9094894045875187,0.9049014136904763,0.004587990897042427,3
2,6,single_layer,4,0.9082611326187376,0.9049014136904763,0.003359718928261405,3
2,6,single_layer,5,0.9178859771244111,0.9049014136904763,0.012984563433934762,3
2,6,single_layer,6,0.9204156966436478,0.9049014136904763,0.015514282953171477,3
2,6,single_layer,7,0.9299278562031095,0.9049014136904763,0.025026442512633307,3
2,7,all_layers,-1,1.0537993415953621,0.9049014136904763,0.14889792790488587,3
2,7,single_layer,0,0.9483532073005797,0.9049014136904763,0.043451793610103505,3
2,7,single_layer,1,0.9292647346617683,0.9049014136904763,0.024363320971292162,3
2,7,single_layer,2,0.9115734100341797,0.9049014136904763,0.006671996343703486,3
2,7,single_layer,3,0.9151973421611483,0.9049014136904763,0.010295928470672103,3
2,7,single_layer,4,0.9052917238265749,0.9049014136904763,0.0003903101360986927,3
2,7,single_layer,5,0.9159486558702256,0.9049014136904763,0.01104724217974947,3
2,7,single_layer,6,0.9197818211146762,0.9049014136904763,0.014880407424200123,3
2,7,single_layer,7,0.9308033292255704,0.9049014136904763,0.025901915535094244,3
2,8,all_layers,-1,1.0608814178951202,0.9049014136904763,0.15598000420464406,3
2,8,single_layer,0,0.9551287454272073,0.9049014136904763,0.05022733173673111,3
2,8,single_layer,1,0.9211644066704645,0.9049014136904763,0.016262992979988195,3
2,8,single_layer,2,0.9145793006533668,0.9049014136904763,0.009677886962890625,3
2,8,single_layer,3,0.9117238483731708,0.9049014136904763,0.006822434682694685,3
2,8,single_layer,4,0.9145869905986483,0.9049014136904763,0.009685576908172103,3
2,8,single_layer,5,0.9232662443130736,0.9049014136904763,0.018364830622597344,3
2,8,single_layer,6,0.9210812402149987,0.9049014136904763,0.016179826524522545,3
2,8,single_layer,7,0.9291986737932477,0.9049014136904763,0.024297260102771556,3
3,1,all_layers,-1,1.032007308233352,0.8557762569851346,0.1762310512482174,3
3,1,single_layer,0,0.8706596919468471,0.8557762569851346,0.01488343496171259,3
3,1,single_layer,1,0.8775212424142019,0.8557762569851346,0.02174498542906748,3
3,1,single_layer,2,0.874512687562004,0.8557762569851346,0.01873643057686943,3
3,1,single_layer,3,0.8599905589270213,0.8557762569851346,0.004214301941886804,3
3,1,single_layer,4,0.8846429491799975,0.8557762569851346,0.02886669219486297,3
3,1,single_layer,5,0.866810783507332,0.8557762569851346,0.011034526522197422,3
3,1,single_layer,6,0.8516585032145182,0.8557762569851346,-0.0041177537706162575,3
3,1,single_layer,7,0.8343661474803138,0.8557762569851346,-0.021410109504820807,3
3,2,all_layers,-1,0.8500000484406002,0.8557762569851346,-0.005776208544534349,3
3,2,single_layer,0,0.8654063088553293,0.8557762569851346,0.009630051870194722,3
3,2,single_layer,1,0.8495233323838977,0.8557762569851346,-0.006252924601236942,3
3,2,single_layer,2,0.8517654661148314,0.8557762569851346,-0.004010790870303205,3
3,2,single_layer,3,0.8556943318200491,0.8557762569851346,-8.192516508553904e-05,3
3,2,single_layer,4,0.8592576526460194,0.8557762569851346,0.0034813956608848264,3
3,2,single_layer,5,0.8560996282668341,0.8557762569851346,0.0003233712816995323,3
3,2,single_layer,6,0.8535866510300408,0.8557762569851346,-0.0021896059550936173,3
3,2,single_layer,7,0.8484144362192305,0.8557762569851346,-0.007361820765904008,3
3,3,all_layers,-1,0.8557762569851346,0.8557762569851346,0.0,3
3,3,single_layer,0,0.8557762569851346,0.8557762569851346,0.0,3
3,3,single_layer,1,0.8557762569851346,0.8557762569851346,0.0,3
3,3,single_layer,2,0.8557762569851346,0.8557762569851346,0.0,3
3,3,single_layer,3,0.8557762569851346,0.8557762569851346,0.0,3
3,3,single_layer,4,0.8557762569851346,0.8557762569851346,0.0,3
3,3,single_layer,5,0.8557762569851346,0.8557762569851346,0.0,3
3,3,single_layer,6,0.8557762569851346,0.8557762569851346,0.0,3
3,3,single_layer,7,0.8557762569851346,0.8557762569851346,0.0,3
3,4,all_layers,-1,0.8370084611196367,0.8557762569851346,-0.018767795865497854,3
3,4,single_layer,0,0.8607896169026693,0.8557762569851346,0.005013359917534747,3
3,4,single_layer,1,0.8456312209840805,0.8557762569851346,-0.010145036001054023,3
3,4,single_layer,2,0.8542310321141803,0.8557762569851346,-0.0015452248709542094,3
3,4,single_layer,3,0.8470897069053045,0.8557762569851346,-0.008686550079830102,3
3,4,single_layer,4,0.8495731051006015,0.8557762569851346,-0.006203151884533094,3
3,4,single_layer,5,0.8599845341273716,0.8557762569851346,0.004208277142237149,3
3,4,single_layer,6,0.8527167486766029,0.8557762569851346,-0.0030595083085317443,3
3,4,single_layer,7,0.8571675012982082,0.8557762569851346,0.0013912443130735808,3
3,5,all_layers,-1,0.8458009750124008,0.8557762569851346,-0.009975281972733748,3
3,5,single_layer,0,0.8692808908129496,0.8557762569851346,0.013504633827815046,3
3,5,single_layer,1,0.8434710729689825,0.8557762569851346,-0.01230518401615203,3
3,5,single_layer,2,0.8649823627774679,0.8557762569851346,0.009206105792333275,3
3,5,single_layer,3,0.849488303774879,0.8557762569851346,-0.006287953210255437,3
3,5,single_layer,4,0.8429793100508433,0.8557762569851346,-0.012796946934291268,3
3,5,single_layer,5,0.8578559330531529,0.8557762569851346,0.002079676068018399,3
3,5,single_layer,6,0.8575284140450613,0.8557762569851346,0.0017521570599268916,3
3,5,single_layer,7,0.8561004457019624,0.8557762569851346,0.0003241887168278594,3
3,6,all_layers,-1,0.845308364383758,0.8557762569851346,-0.010467892601376483,3
3,6,single_layer,0,0.8746733589777871,0.8557762569851346,0.01889710199265256,3
3,6,single_layer,1,0.8429395887586807,0.8557762569851346,-0.012836668226453943,3
3,6,single_layer,2,0.8556351737370567,0.8557762569851346,-0.00014108324807785935,3
3,6,single_layer,3,0.8563201843746125,0.8557762569851346,0.0005439273894779865,3
3,6,single_layer,4,0.8451832665337456,0.8557762569851346,-0.010592990451388876,3
3,6,single_layer,5,0.8600057874407088,0.8557762569851346,0.004229530455574208,3
3,6,single_layer,6,0.8592621334015377,0.8557762569851346,0.0034858764164031886,3
3,6,single_layer,7,0.8612536173018198,0.8557762569851346,0.005477360316685258,3
3,7,all_layers,-1,0.8732457539391897,0.8557762569851346,0.017469496954055086,3
3,7,single_layer,0,0.8690120757572236,0.8557762569851346,0.01323581877208894,3
3,7,single_layer,1,0.8457572573707216,0.8557762569851346,-0.010018999614412771,3
3,7,single_layer,2,0.8548587920173766,0.8557762569851346,-0.0009174649677579083,3
3,7,single_layer,3,0.8511685568188865,0.8557762569851346,-0.0046077001662480814,3
3,7,single_layer,4,0.8539237673320468,0.8557762569851346,-0.0018524896530877817,3
3,7,single_layer,5,0.8561594221327039,0.8557762569851346,0.0003831651475694568,3
3,7,single_layer,6,0.8620468018546937,0.8557762569851346,0.006270544869559173,3
3,7,single_layer,7,0.8645404634021577,0.8557762569851346,0.00876420641702321,3
3,8,all_layers,-1,0.8922368306962271,0.8557762569851346,0.036460573711092535,3
3,8,single_layer,0,0.8714265369233631,0.8557762569851346,0.015650279938228578,3
3,8,single_layer,1,0.8369816674126519,0.8557762569851346,-0.018794589572482628,3
3,8,single_layer,2,0.850864985632518,0.8557762569851346,-0.004911271352616524,3
3,8,single_layer,3,0.8550684489901103,0.8557762569851346,-0.0007078079950241604,3
3,8,single_layer,4,0.8478326948862227,0.8557762569851346,-0.00794356209891182,3
3,8,single_layer,5,0.8571671379937067,0.8557762569851346,0.001390881008572098,3
3,8,single_layer,6,0.855908681475927,0.8557762569851346,0.00013242449079246357,3
3,8,single_layer,7,0.8633289337158203,0.8557762569851346,0.007552676730685788,3
4,1,all_layers,-1,1.0400547451443143,0.8920087360200428,0.14804600912427143,3
4,1,single_layer,0,0.9165875571114676,0.8920087360200428,0.02457882109142484,3
4,1,single_layer,1,0.9141839648049975,0.8920087360200428,0.022175228784954704,3
4,1,single_layer,2,0.9014796907939608,0.8920087360200428,0.009470954773918017,3
4,1,single_layer,3,0.9035606384277344,0.8920087360200428,0.01155190240769155,3
4,1,single_layer,4,0.9052644154382131,0.8920087360200428,0.01325567941817026,3
4,1,single_layer,5,0.9075894431462364,0.8920087360200428,0.015580707126193563,3
4,1,single_layer,6,0.8850156995985244,0.8920087360200428,-0.0069930364215184575,3
4,1,single_layer,7,0.8694062005905878,0.8920087360200428,-0.022602535429454968,3
4,2,all_layers,-1,0.9174669356573194,0.8920087360200428,0.025458199637276763,3
4,2,single_layer,0,0.8988244192940847,0.8920087360200428,0.006815683274042028,3
4,2,single_layer,1,0.9062763395763579,0.8920087360200428,0.014267603556315104,3
4,2,single_layer,2,0.8928325289771669,0.8920087360200428,0.0008237929571242401,3
4,2,single_layer,3,0.8852081601581876,0.8920087360200428,-0.0068005758618551555,3
4,2,single_layer,4,0.8874449654230996,0.8920087360200428,-0.004563770596943202,3
4,2,single_layer,5,0.902489980061849,0.8920087360200428,0.01048124404180617,3
4,2,single_layer,6,0.8905110737634083,0.8920087360200428,-0.0014976622566344282,3
4,2,single_layer,7,0.8769261799161395,0.8920087360200428,-0.015082556103903152,3
4,3,all_layers,-1,0.8866585020035033,0.8920087360200428,-0.005350234016539557,3
4,3,single_layer,0,0.8974709586491659,0.8920087360200428,0.0054622226291232145,3
4,3,single_layer,1,0.9068711295960442,0.8920087360200428,0.01486239357600135,3
4,3,single_layer,2,0.8930017985994855,0.8920087360200428,0.0009930625794425756,3
4,3,single_layer,3,0.8828955756293402,0.8920087360200428,-0.009113160390702535,3
4,3,single_layer,4,0.887502912491087,0.8920087360200428,-0.004505823528955862,3
4,3,single_layer,5,0.8938893212212456,0.8920087360200428,0.0018805852012028594,3
4,3,single_layer,6,0.8871849605015346,0.8920087360200428,-0.004823775518508174,3
4,3,single_layer,7,0.8908399551633804,0.8920087360200428,-0.001168780856662351,3
4,4,all_layers,-1,0.8920087360200428,0.8920087360200428,0.0,3
4,4,single_layer,0,0.8920087360200428,0.8920087360200428,0.0,3
4,4,single_layer,1,0.8920087360200428,0.8920087360200428,0.0,3
4,4,single_layer,2,0.8920087360200428,0.8920087360200428,0.0,3
4,4,single_layer,3,0.8920087360200428,0.8920087360200428,0.0,3
4,4,single_layer,4,0.8920087360200428,0.8920087360200428,0.0,3
4,4,single_layer,5,0.8920087360200428,0.8920087360200428,0.0,3
4,4,single_layer,6,0.8920087360200428,0.8920087360200428,0.0,3
4,4,single_layer,7,0.8920087360200428,0.8920087360200428,0.0,3
4,5,all_layers,-1,0.8810738760327536,0.8920087360200428,-0.010934859987289233,3
4,5,single_layer,0,0.9069611080109127,0.8920087360200428,0.014952371990869925,3
4,5,single_layer,1,0.8983644455198257,0.8920087360200428,0.006355709499782998,3
4,5,single_layer,2,0.8917961726112971,0.8920087360200428,-0.00021256340874568438,3
4,5,single_layer,3,0.8900152236696274,0.8920087360200428,-0.0019935123504154126,3
4,5,single_layer,4,0.8839045327807229,0.8920087360200428,-0.008104203239319818,3
4,5,single_layer,5,0.8934860834999689,0.8920087360200428,0.0014773474799261905,3
4,5,single_layer,6,0.8851410396515377,0.8920087360200428,-0.006867696368505076,3
4,5,single_layer,7,0.8934307703896174,0.8920087360200428,0.0014220343695746651,3
4,6,all_layers,-1,0.8701182168627541,0.8920087360200428,-0.021890519157288568,3
4,6,single_layer,0,0.9007212320963541,0.8920087360200428,0.008712496076311416,3
4,6,single_layer,1,0.8868684617299882,0.8920087360200428,-0.005140274290054554,3
4,6,single_layer,2,0.890397208077567,0.8920087360200428,-0.0016115279424758027,3
4,6,single_layer,3,0.8859119718036954,0.8920087360200428,-0.006096764216347343,3
4,6,single_layer,4,0.8836649031866165,0.8920087360200428,-0.008343832833426323,3
4,6,single_layer,5,0.8991802457779173,0.8920087360200428,0.007171509757874506,3
4,6,single_layer,6,0.8858681936112661,0.8920087360200428,-0.0061405424087766685,3
4,6,single_layer,7,0.8964936089894128,0.8920087360200428,0.004484872969370057,3
4,7,all_layers,-1,0.8923985920255147,0.8920087360200428,0.00038985600547184845,3
4,7,single_layer,0,0.8874992794460721,0.8920087360200428,-0.004509456573970727,3
4,7,single_layer,1,0.8905775887625559,0.8920087360200428,-0.0014311472574869792,3
4,7,single_layer,2,0.8884917365180122,0.8920087360200428,-0.003516999502030623,3
4,7,single_layer,3,0.8872303432888455,0.8920087360200428,-0.00477839273119729,3
4,7,single_layer,4,0.8877744220551991,0.8920087360200428,-0.00423431396484375,3
4,7,single_layer,5,0.8973450736394004,0.8920087360200428,0.005336337619357663,3
4,7,single_layer,6,0.8889312441386874,0.8920087360200428,-0.003077491881355384,3
4,7,single_layer,7,0.8924844227139911,0.8920087360200428,0.0004756866939484479,3
4,8,all_layers,-1,0.8882140205019996,0.8920087360200428,-0.0037947155180431866,3
4,8,single_layer,0,0.9041314200749473,0.8920087360200428,0.012122684054904465,3
4,8,single_layer,1,0.897137929522802,0.8920087360200428,0.0051291935027591995,3
4,8,single_layer,2,0.8906961471315414,0.8920087360200428,-0.001312588888501387,3
4,8,single_layer,3,0.881678959679982,0.8920087360200428,-0.01032977634006079,3
4,8,single_layer,4,0.880361799209837,0.8920087360200428,-0.011646936810205863,3
4,8,single_layer,5,0.9002652849469865,0.8920087360200428,0.008256548926943793,3
4,8,single_layer,6,0.8861849345858134,0.8920087360200428,-0.005823801434229299,3
4,8,single_layer,7,0.8900013575478205,0.8920087360200428,-0.00200737847222221,3
5,1,all_layers,-1,0.9532100435287235,0.8297762189592633,0.12343382456945999,3
5,1,single_layer,0,0.8354007478744264,0.8297762189592633,0.005624528915163111,3
5,1,single_layer,1,0.8318767547607422,0.8297762189592633,0.0021005358014788054,3
5,1,single_layer,2,0.8462677758837502,0.8297762189592633,0.016491556924486932,3
5,1,single_layer,3,0.8565685484144424,0.8297762189592633,0.02679232945517888,3
5,1,single_layer,4,0.8601889231848338,0.8297762189592633,0.030412704225570446,3
5,1,single_layer,5,0.8337920052664621,0.8297762189592633,0.004015786307198639,3
5,1,single_layer,6,0.8242103183080279,0.8297762189592633,-0.0055659006512354114,3
5,1,single_layer,7,0.8082723163423085,0.8297762189592633,-0.021503902616955006,3
5,2,all_layers,-1,0.8329435530162993,0.8297762189592633,0.0031673340570359163,3
5,2,single_layer,0,0.8363064357212612,0.8297762189592633,0.006530216761997794,3
5,2,single_layer,1,0.8332452622670976,0.8297762189592633,0.003469043307834226,3
5,2,single_layer,2,0.8370028904506138,0.8297762189592633,0.007226671491350441,3
5,2,single_layer,3,0.8369636081513905,0.8297762189592633,0.007187389192127099,3
5,2,single_layer,4,0.8281667346046083,0.8297762189592633,-0.001609484354654948,3
5,2,single_layer,5,0.827392790052626,0.8297762189592633,-0.0023834289066374894,3
5,2,single_layer,6,0.8231463659377326,0.8297762189592633,-0.0066298530215308515,3
5,2,single_layer,7,0.819838281661745,0.8297762189592633,-0.009937937297518276,3
5,3,all_layers,-1,0.8165358891562811,0.8297762189592633,-0.013240329802982398,3
5,3,single_layer,0,0.8257119920518662,0.8297762189592633,-0.004064226907397088,3
5,3,single_layer,1,0.8266031779940167,0.8297762189592633,-0.0031730409652467686,3
5,3,single_layer,2,0.8382467390998961,0.8297762189592633,0.008470520140632728,3
5,3,single_layer,3,0.8318534124465216,0.8297762189592633,0.002077193487258174,3
5,3,single_layer,4,0.8298666363670714,0.8297762189592633,9.041740780787084e-05,3
5,3,single_layer,5,0.8247503250364273,0.8297762189592633,-0.005025893922836071,3
5,3,single_layer,6,0.824231223454551,0.8297762189592633,-0.005544995504712287,3
5,3,single_layer,7,0.8241279087369403,0.8297762189592633,-0.005648310222322965,3
5,4,all_layers,-1,0.8079071044921875,0.8297762189592633,-0.021869114467075883,3
5,4,single_layer,0,0.8297778841048954,0.8297762189592633,1.6651456318609685e-06,3
5,4,single_layer,1,0.8222377111041356,0.8297762189592633,-0.0075385078551277,3
5,4,single_layer,2,0.8360134911915612,0.8297762189592633,0.0062372722322978635,3
5,4,single_layer,3,0.825821422395252,0.8297762189592633,-0.00395479656401132,3
5,4,single_layer,4,0.829532365950327,0.8297762189592633,-0.00024385300893629372,3
5,4,single_layer,5,0.8265308803982204,0.8297762189592633,-0.003245338561042884,3
5,4,single_layer,6,0.828041152348594,0.8297762189592633,-0.0017350666106693187,3
5,4,single_layer,7,0.8303481813461061,0.8297762189592633,0.0005719623868427615,3
5,5,all_layers,-1,0.8297762189592633,0.8297762189592633,0.0,3
5,5,single_layer,0,0.8297762189592633,0.8297762189592633,0.0,3
5,5,single_layer,1,0.8297762189592633,0.8297762189592633,0.0,3
5,5,single_layer,2,0.8297762189592633,0.8297762189592633,0.0,3
5,5,single_layer,3,0.8297762189592633,0.8297762189592633,0.0,3
5,5,single_layer,4,0.8297762189592633,0.8297762189592633,0.0,3
5,5,single_layer,5,0.8297762189592633,0.8297762189592633,0.0,3
5,5,single_layer,6,0.8297762189592633,0.8297762189592633,0.0,3
5,5,single_layer,7,0.8297762189592633,0.8297762189592633,0.0,3
5,6,all_layers,-1,0.8124535878499349,0.8297762189592633,-0.017322631109328485,3
5,6,single_layer,0,0.8305181473020523,0.8297762189592633,0.0007419283427889297,3
5,6,single_layer,1,0.8161143045576792,0.8297762189592633,-0.013661914401584188,3
5,6,single_layer,2,0.830097788856143,0.8297762189592633,0.00032156989687966614,3
5,6,single_layer,3,0.8258290366520957,0.8297762189592633,-0.0039471823071676555,3
5,6,single_layer,4,0.8268773820665148,0.8297762189592633,-0.002898836892748613,3
5,6,single_layer,5,0.8213299796694802,0.8297762189592633,-0.008446239289783275,3
5,6,single_layer,6,0.8286997779967292,0.8297762189592633,-0.0010764409625340827,3
5,6,single_layer,7,0.831059319632394,0.8297762189592633,0.0012831006731306067,3
5,7,all_layers,-1,0.8199739002046131,0.8297762189592633,-0.009802318754650319,3
5,7,single_layer,0,0.8325758585854182,0.8297762189592633,0.002799639626154852,3
5,7,single_layer,1,0.8238277738056485,0.8297762189592633,-0.005948445153614812,3
5,7,single_layer,2,0.830000741141183,0.8297762189592633,0.00022452218191963227,3
5,7,single_layer,3,0.8275486325460767,0.8297762189592633,-0.002227586413186655,3
5,7,single_layer,4,0.8311412902105421,0.8297762189592633,0.0013650712512788266,3
5,7,single_layer,5,0.825739996773856,0.8297762189592633,-0.004036222185407334,3
5,7,single_layer,6,0.8295192718505859,0.8297762189592633,-0.0002569471086774448,3
5,7,single_layer,7,0.8352014450799851,0.8297762189592633,0.005425226120721716,3
5,8,all_layers,-1,0.8219707125709169,0.8297762189592633,-0.0078055063883463545,3
5,8,single_layer,0,0.8386363074893044,0.8297762189592633,0.008860088530040944,3
5,8,single_layer,1,0.822556737869505,0.8297762189592633,-0.0072194810897584505,3
5,8,single_layer,2,0.8263155619303385,0.8297762189592633,-0.0034606570289248406,3
5,8,single_layer,3,0.8254743000817678,0.8297762189592633,-0.004301918877495647,3
5,8,single_layer,4,0.8302650451660156,0.8297762189592633,0.0004888262067522428,3
5,8,single_layer,5,0.8273577917189825,0.8297762189592633,-0.0024184272402808884,3
5,8,single_layer,6,0.8348773471892826,0.8297762189592633,0.005101128230019254,3
5,8,single_layer,7,0.8342785305447049,0.8297762189592633,0.0045023115854414915,3
6,1,all_layers,-1,0.9215704600016276,0.8004228198339068,0.12114764016772073,3
6,1,single_layer,0,0.8106107560415117,0.8004228198339068,0.010187936207604794,3
6,1,single_layer,1,0.8085248432462179,0.8004228198339068,0.008102023412310885,3
6,1,single_layer,2,0.8050571926056392,0.8004228198339068,0.004634372771732361,3
6,1,single_layer,3,0.804499005514478,0.8004228198339068,0.004076185680571072,3
6,1,single_layer,4,0.8142118908110119,0.8004228198339068,0.013789070977105022,3
6,1,single_layer,5,0.8148892720540365,0.8004228198339068,0.01446645222012958,3
6,1,single_layer,6,0.7900091807047526,0.8004228198339068,-0.010413639129154273,3
6,1,single_layer,7,0.7806897541833302,0.8004228198339068,-0.019733065650576642,3
6,2,all_layers,-1,0.8064329964773996,0.8004228198339068,0.006010176643492682,3
6,2,single_layer,0,0.8097743382529606,0.8004228198339068,0.009351518419053795,3
6,2,single_layer,1,0.8109815991114057,0.8004228198339068,0.010558779277498783,3
6,2,single_layer,2,0.7961039164709666,0.8004228198339068,-0.004318903362940237,3
6,2,single_layer,3,0.8024133651975601,0.8004228198339068,0.0019905453636532475,3
6,2,single_layer,4,0.8056260063534691,0.8004228198339068,0.005203186519562235,3
6,2,single_layer,5,0.8044301593114459,0.8004228198339068,0.0040073394775390625,3
6,2,single_layer,6,0.7955598982553633,0.8004228198339068,-0.004862921578543511,3
6,2,single_layer,7,0.7862271505688865,0.8004228198339068,-0.014195669265020472,3
6,3,all_layers,-1,0.8049402236938477,0.8004228198339068,0.004517403859940779,3
6,3,single_layer,0,0.8038556840684677,0.8004228198339068,0.003432864234561017,3
6,3,single_layer,1,0.8059509519546751,0.8004228198339068,0.0055281321207682295,3
6,3,single_layer,2,0.7978541813199481,0.8004228198339068,-0.0025686385139586467,3
6,3,single_layer,3,0.8044747549390037,0.8004228198339068,0.004051935105096716,3
6,3,single_layer,4,0.802495623391772,0.8004228198339068,0.0020728035578651736,3
6,3,single_layer,5,0.8034473298087953,0.8004228198339068,0.003024509974888382,3
6,3,single_layer,6,0.7931891244555276,0.8004228198339068,-0.0072336953783792195,3
6,3,single_layer,7,0.7932605289277577,0.8004228198339068,-0.007162290906149245,3
6,4,all_layers,-1,0.7928066707792736,0.8004228198339068,-0.007616149054633259,3
6,4,single_layer,0,0.802489023359995,0.8004228198339068,0.0020662035260881804,3
6,4,single_layer,1,0.7960966806563121,0.8004228198339068,-0.004326139177594872,3
6,4,single_layer,2,0.8028172689770896,0.8004228198339068,0.002394449143182653,3
6,4,single_layer,3,0.800623303367978,0.8004228198339068,0.00020048353407116823,3
6,4,single_layer,4,0.801236076960488,0.8004228198339068,0.0008132571265810906,3
6,4,single_layer,5,0.7947759476919023,0.8004228198339068,-0.0056468721420045815,3
6,4,single_layer,6,0.7951693459162636,0.8004228198339068,-0.0052534739176432295,3
6,4,single_layer,7,0.7991665431431362,0.8004228198339068,-0.0012562766907707374,3
6,5,all_layers,-1,0.7864020059979152,0.8004228198339068,-0.014020813835991778,3
6,5,single_layer,0,0.7983764769539,0.8004228198339068,-0.002046342880006861,3
6,5,single_layer,1,0.8004396226671006,0.8004228198339068,1.6802833193792683e-05,3
6,5,single_layer,2,0.7985420832558283,0.8004228198339068,-0.0018807365780784864,3
6,5,single_layer,3,0.8018489111037481,0.8004228198339068,0.0014260912698412416,3
6,5,single_layer,4,0.8034210810585627,0.8004228198339068,0.0029982612246558884,3
6,5,single_layer,5,0.7967396690731956,0.8004228198339068,-0.0036831507607112033,3
6,5,single_layer,6,0.8006950257316469,0.8004228198339068,0.0002722058977399818,3
6,5,single_layer,7,0.7942610241117931,0.8004228198339068,-0.006161795722113728,3
6,6,all_layers,-1,0.8004228198339068,0.8004228198339068,0.0,3
6,6,single_layer,0,0.8004228198339068,0.8004228198339068,0.0,3
6,6,single_layer,1,0.8004228198339068,0.8004228198339068,0.0,3
6,6,single_layer,2,0.8004228198339068,0.8004228198339068,0.0,3
6,6,single_layer,3,0.8004228198339068,0.8004228198339068,0.0,3
6,6,single_layer,4,0.8004228198339068,0.8004228198339068,0.0,3
6,6,single_layer,5,0.8004228198339068,0.8004228198339068,0.0,3
6,6,single_layer,6,0.8004228198339068,0.8004228198339068,0.0,3
6,6,single_layer,7,0.8004228198339068,0.8004228198339068,0.0,3
6,7,all_layers,-1,0.7859317840091765,0.8004228198339068,-0.014491035824730289,3
6,7,single_layer,0,0.7980907379634797,0.8004228198339068,-0.002332081870427216,3
6,7,single_layer,1,0.7908213630555169,0.8004228198339068,-0.009601456778390083,3
6,7,single_layer,2,0.802279548039512,0.8004228198339068,0.0018567282056051553,3
6,7,single_layer,3,0.8020516652909536,0.8004228198339068,0.0016288454570467421,3
6,7,single_layer,4,0.7989265653822156,0.8004228198339068,-0.0014962544516911775,3
6,7,single_layer,5,0.7955578546675425,0.8004228198339068,-0.004864965166364403,3
6,7,single_layer,6,0.8024629562620134,0.8004228198339068,0.0020401364281064094,3
6,7,single_layer,7,0.7973514435783264,0.8004228198339068,-0.003071376255580368,3
6,8,all_layers,-1,0.7890237626575288,0.8004228198339068,-0.01139905717637805,3
6,8,single_layer,0,0.7922516777401878,0.8004228198339068,-0.008171142093719016,3
6,8,single_layer,1,0.792794939071413,0.8004228198339068,-0.007627880762493803,3
6,8,single_layer,2,0.792599738590301,0.8004228198339068,-0.007823081243605867,3
6,8,single_layer,3,0.7978663822961232,0.8004228198339068,-0.0025564375377837103,3
6,8,single_layer,4,0.8036302839006697,0.8004228198339068,0.003207464066762792,3
6,8,single_layer,5,0.8009140075199187,0.8004228198339068,0.0004911876860118994,3
6,8,single_layer,6,0.804399187602694,0.8004228198339068,0.0039763677687872185,3
6,8,single_layer,7,0.7998106063358367,0.8004228198339068,-0.0006122134980701688,3
7,1,all_layers,-1,0.8730490245516339,0.7951633816673641,0.07788564288426958,3
7,1,single_layer,0,0.8050826541961186,0.7951633816673641,0.009919272528754353,3
7,1,single_layer,1,0.8006002940828839,0.7951633816673641,0.005436912415519579,3
7,1,single_layer,2,0.7933377159966363,0.7951633816673641,-0.0018256656707279495,3
7,1,single_layer,3,0.7861924852643695,0.7951633816673641,-0.008970896402994791,3
7,1,single_layer,4,0.8081160045805431,0.7951633816673641,0.012952622913178927,3
7,1,single_layer,5,0.7955047970726378,0.7951633816673641,0.0003414154052734005,3
7,1,single_layer,6,0.7819620768229166,0.7951633816673641,-0.013201304844447556,3
7,1,single_layer,7,0.7731675344800193,0.7951633816673641,-0.021995847187345003,3
7,2,all_layers,-1,0.7871510036407955,0.7951633816673641,-0.008012378026568734,3
7,2,single_layer,0,0.8045084817068918,0.7951633816673641,0.009345100039527562,3
7,2,single_layer,1,0.7999425010075645,0.7951633816673641,0.004779119340200255,3
7,2,single_layer,2,0.796105218312097,0.7951633816673641,0.0009418366447327223,3
7,2,single_layer,3,0.8007074689108228,0.7951633816673641,0.005544087243458562,3
7,2,single_layer,4,0.7932655697777159,0.7951633816673641,-0.0018978118896484375,3
7,2,single_layer,5,0.7906126294817244,0.7951633816673641,-0.004550752185639865,3
7,2,single_layer,6,0.7820784553648933,0.7951633816673641,-0.01308492630247086,3
7,2,single_layer,7,0.7775455353752014,0.7951633816673641,-0.017617846292162714,3
7,3,all_layers,-1,0.7958974989633711,0.7951633816673641,0.0007341172960069198,3
7,3,single_layer,0,0.8056733267647879,0.7951633816673641,0.01050994509742372,3
7,3,single_layer,1,0.7984317597888765,0.7951633816673641,0.003268378121512298,3
7,3,single_layer,2,0.7945979587615483,0.7951633816673641,-0.0005654229058159969,3
7,3,single_layer,3,0.7999817984444754,0.7951633816673641,0.0048184167771111825,3
7,3,single_layer,4,0.7945027427067832,0.7951633816673641,-0.0006606389605809948,3
7,3,single_layer,5,0.7905629475911459,0.7951633816673641,-0.004600434076218389,3
7,3,single_layer,6,0.7764871385362414,0.7951633816673641,-0.01867624313112289,3
7,3,single_layer,7,0.7882094307551308,0.7951633816673641,-0.0069539509122333865,3
7,4,all_layers,-1,0.7824251992361887,0.7951633816673641,-0.012738182431175601,3
7,4,single_layer,0,0.8016850304982018,0.7951633816673641,0.006521648830837649,3
7,4,single_layer,1,0.7940702892485119,0.7951633816673641,-0.0010930924188523594,3
7,4,single_layer,2,0.7984910086979942,0.7951633816673641,0.0033276270306299427,3
7,4,single_layer,3,0.7940666562034971,0.7951633816673641,-0.0010967254638671875,3
7,4,single_layer,4,0.7923696608770462,0.7951633816673641,-0.002793720790318107,3
7,4,single_layer,5,0.784906720358228,0.7951633816673641,-0.010256661309136309,3
7,4,single_layer,6,0.7838919806101966,0.7951633816673641,-0.011271401057167693,3
7,4,single_layer,7,0.7886072491842603,0.7951633816673641,-0.006556132483103938,3
7,5,all_layers,-1,0.7799799177381729,0.7951633816673641,-0.01518346392919149,3
7,5,single_layer,0,0.8028143625410776,0.7951633816673641,0.007650980873713409,3
7,5,single_layer,1,0.7972582862490699,0.7951633816673641,0.002094904581705729,3
7,5,single_layer,2,0.7978326706659226,0.7951633816673641,0.002669288998558376,3
7,5,single_layer,3,0.7943975357782272,0.7951633816673641,-0.0007658458891368994,3
7,5,single_layer,4,0.7912879822746156,0.7951633816673641,-0.00387539939274865,3
7,5,single_layer,5,0.791567878117637,0.7951633816673641,-0.0035955035497271894,3
7,5,single_layer,6,0.7908423590281654,0.7951633816673641,-0.004321022639198942,3
7,5,single_layer,7,0.7891863262842572,0.7951633816673641,-0.005977055383107037,3
7,6,all_layers,-1,0.7890553550114707,0.7951633816673641,-0.006108026655893495,3
7,6,single_layer,0,0.7960075196765718,0.7951633816673641,0.0008441380092075734,3
7,6,single_layer,1,0.7929940299382285,0.7951633816673641,-0.0021693517291356823,3
7,6,single_layer,2,0.7941977485777839,0.7951633816673641,-0.0009656330895802349,3
7,6,single_layer,3,0.7943171849326482,0.7951633816673641,-0.0008461967347160501,3
7,6,single_layer,4,0.7909790523468502,0.7951633816673641,-0.004184329320514046,3
7,6,single_layer,5,0.7898337046305338,0.7951633816673641,-0.005329677036830405,3
7,6,single_layer,6,0.7917429908873542,0.7951633816673641,-0.0034203907800099595,3
7,6,single_layer,7,0.7958766997806609,0.7951633816673641,0.0007133181132967051,3
7,7,all_layers,-1,0.7951633816673641,0.7951633816673641,0.0,3
7,7,single_layer,0,0.7951633816673641,0.7951633816673641,0.0,3
7,7,single_layer,1,0.7951633816673641,0.7951633816673641,0.0,3
7,7,single_layer,2,0.7951633816673641,0.7951633816673641,0.0,3
7,7,single_layer,3,0.7951633816673641,0.7951633816673641,0.0,3
7,7,single_layer,4,0.7951633816673641,0.7951633816673641,0.0,3
7,7,single_layer,5,0.7951633816673641,0.7951633816673641,0.0,3
7,7,single_layer,6,0.7951633816673641,0.7951633816673641,0.0,3
7,7,single_layer,7,0.7951633816673641,0.7951633816673641,0.0,3
7,8,all_layers,-1,0.7724807981460814,0.7951633816673641,-0.0226825835212829,3
7,8,single_layer,0,0.7961710067022415,0.7951633816673641,0.0010076250348772426,3
7,8,single_layer,1,0.7931717766655816,0.7951633816673641,-0.001991605001782637,3
7,8,single_layer,2,0.7921151963491289,0.7951633816673641,-0.0030481853182353635,3
7,8,single_layer,3,0.7897713070824034,0.7951633816673641,-0.0053920745849609375,3
7,8,single_layer,4,0.7909756615048363,0.7951633816673641,-0.004187720162527923,3
7,8,single_layer,5,0.7944894215417286,0.7951633816673641,-0.0006739601256355495,3
7,8,single_layer,6,0.7943895430791946,0.7951633816673641,-0.0007738385881696322,3
7,8,single_layer,7,0.7932437109568763,0.7951633816673641,-0.0019196707104880046,3
8,1,all_layers,-1,0.8776593889508929,0.7829367319742838,0.09472265697660902,3
8,1,single_layer,0,0.7891314673045325,0.7829367319742838,0.00619473533024865,3
8,1,single_layer,1,0.7879995618547712,0.7829367319742838,0.005062829880487341,3
8,1,single_layer,2,0.7813891153486948,0.7829367319742838,-0.001547616625589036,3
8,1,single_layer,3,0.7930190071227058,0.7829367319742838,0.01008227514842197,3
8,1,single_layer,4,0.7948986537872799,0.7829367319742838,0.011961921812996046,3
8,1,single_layer,5,0.7829878973582435,0.7829367319742838,5.116538395958751e-05,3
8,1,single_layer,6,0.7763653709774925,0.7829367319742838,-0.006571360996791305,3
8,1,single_layer,7,0.7587634495326451,0.7829367319742838,-0.024173282441638744,3
8,2,all_layers,-1,0.7829505072699653,0.7829367319742838,1.3775295681435947e-05,3
8,2,single_layer,0,0.7881834847586496,0.7829367319742838,0.005246752784365705,3
8,2,single_layer,1,0.7878915090409536,0.7829367319742838,0.004954777066669765,3
8,2,single_layer,2,0.7819202968052456,0.7829367319742838,-0.0010164351690383027,3
8,2,single_layer,3,0.7830188690669954,0.7829367319742838,8.213709271143177e-05,3
8,2,single_layer,4,0.7825975569467696,0.7829367319742838,-0.000339175027514238,3
8,2,single_layer,5,0.7794825992886983,0.7829367319742838,-0.003454132685585624,3
8,2,single_layer,6,0.778510260203528,0.7829367319742838,-0.004426471770755835,3
8,2,single_layer,7,0.7626460090516106,0.7829367319742838,-0.02029072292267331,3
8,3,all_layers,-1,0.774660382952009,0.7829367319742838,-0.00827634902227492,3
8,3,single_layer,0,0.7869474017430865,0.7829367319742838,0.00401066976880271,3
8,3,single_layer,1,0.7919478038000682,0.7829367319742838,0.009011071825784348,3
8,3,single_layer,2,0.782197044009254,0.7829367319742838,-0.0007396879650297302,3
8,3,single_layer,3,0.7879503643701947,0.7829367319742838,0.0050136323959108315,3
8,3,single_layer,4,0.7803650205097501,0.7829367319742838,-0.002571711464533758,3
8,3,single_layer,5,0.7794299655490452,0.7829367319742838,-0.0035067664252387276,3
8,3,single_layer,6,0.7772020915197948,0.7829367319742838,-0.005734640454489089,3
8,3,single_layer,7,0.7689759996202258,0.7829367319742838,-0.013960732354058147,3
8,4,all_layers,-1,0.7726526865883478,0.7829367319742838,-0.010284045385935933,3
8,4,single_layer,0,0.7889222341870505,0.7829367319742838,0.0059855022127666135,3
8,4,single_layer,1,0.7819204027690585,0.7829367319742838,-0.0010163292052253932,3
8,4,single_layer,2,0.7772106897263299,0.7829367319742838,-0.005726042247953885,3
8,4,single_layer,3,0.7879701341901506,0.7829367319742838,0.005033402215866826,3
8,4,single_layer,4,0.7833692157079303,0.7829367319742838,0.0004324837336464234,3
8,4,single_layer,5,0.7769693647112165,0.7829367319742838,-0.00596736726306731,3
8,4,single_layer,6,0.7811650472974021,0.7829367319742838,-0.001771684676881824,3
8,4,single_layer,7,0.7763280111645896,0.7829367319742838,-0.006608720809694287,3
8,5,all_layers,-1,0.766800910707504,0.7829367319742838,-0.016135821266779815,3
8,5,single_layer,0,0.7876810951838418,0.7829367319742838,0.0047443632095579185,3
8,5,single_layer,1,0.7756724281916543,0.7829367319742838,-0.0072643037826295815,3
8,5,single_layer,2,0.7792541261703249,0.7829367319742838,-0.0036826058039589604,3
8,5,single_layer,3,0.7869520338754805,0.7829367319742838,0.004015301901196662,3
8,5,single_layer,4,0.7796933007618737,0.7829367319742838,-0.0032434312124100715,3
8,5,single_layer,5,0.7785874926854693,0.7829367319742838,-0.004349239288814477,3
8,5,single_layer,6,0.7778918251158699,0.7829367319742838,-0.005044906858413967,3
8,5,single_layer,7,0.7755851745605469,0.7829367319742838,-0.007351557413737016,3
8,6,all_layers,-1,0.7702086312430246,0.7829367319742838,-0.012728100731259295,3
8,6,single_layer,0,0.7839275844513424,0.7829367319742838,0.0009908524770585088,3
8,6,single_layer,1,0.783143573337131,0.7829367319742838,0.00020684136284720989,3
8,6,single_layer,2,0.7813519826011053,0.7829367319742838,-0.001584749373178614,3
8,6,single_layer,3,0.7857277885315911,0.7829367319742838,0.002791056557307159,3
8,6,single_layer,4,0.7827693999759736,0.7829367319742838,-0.0001673319983103901,3
8,6,single_layer,5,0.7784766242617652,0.7829367319742838,-0.004460107712518591,3
8,6,single_layer,6,0.7809879969036769,0.7829367319742838,-0.0019487350706069995,3
8,6,single_layer,7,0.7780391148158482,0.7829367319742838,-0.004897617158435656,3
8,7,all_layers,-1,0.7694434211367653,0.7829367319742838,-0.013493310837518627,3
8,7,single_layer,0,0.779646843198746,0.7829367319742838,-0.0032898887755378934,3
8,7,single_layer,1,0.7759671892438617,0.7829367319742838,-0.006969542730422236,3
8,7,single_layer,2,0.7752667684403676,0.7829367319742838,-0.007669963533916209,3
8,7,single_layer,3,0.7819375234936912,0.7829367319742838,-0.0009992084805927615,3
8,7,single_layer,4,0.7853753528897723,0.7829367319742838,0.002438620915488595,3
8,7,single_layer,5,0.7813646528455945,0.7829367319742838,-0.0015720791286892484,3
8,7,single_layer,6,0.7823317391531809,0.7829367319742838,-0.0006049928211030083,3
8,7,single_layer,7,0.7784996335468595,0.7829367319742838,-0.004437098427424384,3
8,8,all_layers,-1,0.7829367319742838,0.7829367319742838,0.0,3
8,8,single_layer,0,0.7829367319742838,0.7829367319742838,0.0,3
8,8,single_layer,1,0.7829367319742838,0.7829367319742838,0.0,3
8,8,single_layer,2,0.7829367319742838,0.7829367319742838,0.0,3
8,8,single_layer,3,0.7829367319742838,0.7829367319742838,0.0,3
8,8,single_layer,4,0.7829367319742838,0.7829367319742838,0.0,3
8,8,single_layer,5,0.7829367319742838,0.7829367319742838,0.0,3
8,8,single_layer,6,0.7829367319742838,0.7829367319742838,0.0,3
8,8,single_layer,7,0.7829367319742838,0.7829367319742838,0.0,3
